order_id,customer_id,order_date,delivery_date,product_category,local_currency,price_local_currency,quantity,country,order_status
MKT-100000,CUST-1358,2026-04-13,2026-04-15,Shoes,EUR,141.36,1,France,Completed
MKT-100001,CUST-1108,2026-04-03,2026-04-08,Apparel,EUR,124.11,1,France,Returned
MKT-100002,CUST-1040,2026-01-15,2026-01-18,Apparel,EUR,170.41,1,Austria,Completed
MKT-100003,CUST-1361,2026-04-17,2026-04-20,Sports,GBP,60.96,1,United Kingdom,Returned
MKT-100004,CUST-1308,2026-03-13,2026-03-17,Apparel,EUR,136.08,3,France,Completed
MKT-100005,CUST-1063,2026-01-21,2026-01-26,Apparel,EUR,123.03,1,Netherlands,Completed
MKT-100006,CUST-1281,2026-04-13,2026-04-17,Sports,EUR,136.5,1,Austria,Returned
MKT-100007,CUST-1231,2026-05-02,2026-05-07,Accessories,EUR,155.45,3,Germany,Completed
MKT-100008,CUST-1288,2026-03-16,2026-03-23,Apparel,EUR,157.21,1,Netherlands,Completed
MKT-100009,CUST-1445,2026-03-29,2026-04-02,Accessories,GBP,37.71,1,United Kingdom,Completed
MKT-100010,CUST-1200,2026-04-27,2026-04-30,Shoes,EUR,57.06,1,France,Completed
MKT-100011,CUST-1130,2026-04-10,2026-04-13,Apparel,EUR,79.42,2,Germany,Returned
MKT-100012,CUST-1274,2026-04-14,2026-04-21,Sports,EUR,134.44,1,Netherlands,Returned
MKT-100013,CUST-1310,2026-05-11,2026-05-17,Shoes,EUR,192.04,1,Germany,Returned
MKT-100014,CUST-1484,2026-02-22,2026-02-26,Shoes,EUR,161.45,3,Austria,Completed
MKT-100015,CUST-1025,2026-01-02,2026-01-06,Apparel,EUR,48.26,1,France,Completed
MKT-100016,CUST-1390,2026-03-29,2026-04-01,Sports,EUR,115.71,2,Austria,Returned
MKT-100017,CUST-1081,2026-02-07,2026-02-10,Premium,AMD,76400.0,2,Armenia,Completed
MKT-100018,CUST-1151,2026-05-10,2026-05-13,Accessories,EUR,144.03,1,Germany,Completed
MKT-100019,CUST-1473,2026-01-21,2026-01-25,Premium,EUR,124.84,1,Austria,Completed
MKT-100020,CUST-1396,2026-02-27,2026-03-04,Apparel,EUR,145.86,1,Austria,Returned
MKT-100021,CUST-1226,2026-01-22,2026-01-27,Apparel,EUR,106.8,3,Netherlands,Completed
MKT-100022,CUST-1095,2026-03-30,2026-04-05,Accessories,EUR,101.43,1,Austria,Completed
MKT-100023,CUST-1317,2026-02-18,2026-02-24,Sports,EUR,54.17,1,Netherlands,Completed
MKT-100024,CUST-1408,2026-02-28,2026-03-05,Premium,EUR,162.92,2,Germany,Completed
MKT-100025,CUST-1157,2026-01-15,2026-01-19,Apparel,EUR,96.74,1,Austria,Completed
MKT-100026,CUST-1462,2026-02-20,2026-02-22,Shoes,EUR,185.65,1,Germany,Completed
MKT-100027,CUST-1292,2026-04-18,2026-04-23,Sports,GBP,173.46,1,United Kingdom,Completed
MKT-100028,CUST-1225,2026-02-24,2026-03-03,Shoes,AMD,73700.0,2,Armenia,Completed
MKT-100029,CUST-1372,2026-03-05,2026-03-10,Accessories,EUR,143.94,1,Austria,Completed
MKT-100030,CUST-1240,2026-05-11,2026-05-14,Apparel,EUR,75.28,2,Germany,Completed
MKT-100031,CUST-1176,2026-02-20,2026-02-26,Shoes,EUR,195.06,3,Netherlands,Completed
MKT-100032,CUST-1177,2026-05-15,2026-05-21,Apparel,AMD,40800.0,1,Armenia,Returned
MKT-100033,CUST-1380,2026-01-21,2026-01-25,Shoes,EUR,139.67,1,Netherlands,Completed
MKT-100034,CUST-1322,2026-03-14,2026-03-17,Accessories,AMD,72000.0,1,Armenia,Completed
MKT-100035,CUST-1008,2026-01-18,2026-01-20,Shoes,EUR,177.94,1,France,Returned
MKT-100036,CUST-1388,2026-05-12,2026-05-17,Apparel,EUR,81.56,1,Netherlands,Completed
MKT-100037,CUST-1080,2026-03-30,2026-04-05,Apparel,GBP,41.42,1,United Kingdom,Returned
MKT-100038,CUST-1055,2026-03-01,2026-03-07,Apparel,AMD,68600.0,1,Armenia,Completed
MKT-100039,CUST-1335,2026-01-14,2026-01-16,Premium,EUR,123.4,2,Netherlands,Returned
MKT-100040,CUST-1344,2026-01-09,2026-01-11,Sports,EUR,173.92,1,Austria,Returned
MKT-100041,CUST-1234,2026-03-31,2026-04-07,Sports,GBP,53.79,2,United Kingdom,Completed
MKT-100042,CUST-1436,2026-02-22,2026-02-25,Apparel,EUR,171.19,2,France,Completed
MKT-100043,CUST-1223,2026-05-10,2026-05-16,Sports,GBP,30.96,1,United Kingdom,Returned
MKT-100044,CUST-1343,2026-03-25,2026-03-27,Sports,EUR,141.44,2,France,Returned
MKT-100045,CUST-1481,2026-04-02,2026-04-09,Premium,EUR,109.16,1,France,Completed
MKT-100046,CUST-1351,2026-04-21,2026-04-27,Premium,EUR,189.96,1,Netherlands,Returned
MKT-100047,CUST-1393,2026-01-08,2026-01-10,Shoes,GBP,40.1,1,United Kingdom,Completed
MKT-100048,CUST-1174,2026-02-04,2026-02-07,Sports,EUR,198.42,1,France,Completed
MKT-100049,CUST-1028,2026-03-22,2026-03-27,Accessories,EUR,101.38,2,Austria,Completed
MKT-100050,CUST-1025,2026-02-19,2026-02-23,Apparel,AMD,59400.0,1,Armenia,Completed
MKT-100051,CUST-1038,2026-04-14,2026-04-16,Sports,AMD,44300.0,1,Armenia,Returned
MKT-100052,CUST-1458,2026-05-12,2026-05-15,Accessories,EUR,76.81,2,Netherlands,Completed
MKT-100053,CUST-1463,2026-01-02,2026-01-07,Sports,EUR,190.98,1,Austria,Returned
MKT-100054,CUST-1256,2026-05-14,2026-05-16,Apparel,EUR,197.44,2,Austria,Completed
MKT-100055,CUST-1280,2026-02-23,2026-03-01,Premium,AMD,17000.0,1,Armenia,Completed
MKT-100056,CUST-1144,2026-04-16,2026-04-20,Sports,GBP,57.83,2,United Kingdom,Completed
MKT-100057,CUST-1386,2026-01-04,2026-01-11,Sports,EUR,161.76,1,France,Returned
MKT-100058,CUST-1045,2026-02-23,2026-02-28,Shoes,EUR,138.66,1,France,Completed
MKT-100059,CUST-1008,2026-02-13,2026-02-20,Shoes,GBP,67.13,1,United Kingdom,Completed
MKT-100060,CUST-1071,2026-01-14,2026-01-20,Accessories,EUR,134.44,3,Austria,Returned
MKT-100061,CUST-1337,2026-04-05,2026-04-11,Accessories,EUR,148.87,1,France,Completed
MKT-100062,CUST-1213,2026-02-17,2026-02-24,Accessories,EUR,46.34,1,Germany,Returned
MKT-100063,CUST-1079,2026-01-15,2026-01-17,Premium,EUR,62.8,2,Netherlands,Completed
MKT-100064,CUST-1224,2026-02-09,2026-02-12,Shoes,GBP,40.86,2,United Kingdom,Completed
MKT-100065,CUST-1102,2026-03-23,2026-03-29,Apparel,GBP,83.67,3,United Kingdom,Completed
MKT-100066,CUST-1105,2026-04-21,2026-04-24,Premium,EUR,171.43,1,France,Completed
MKT-100067,CUST-1261,2026-02-22,2026-02-26,Shoes,AMD,17100.0,1,Armenia,Completed
MKT-100068,CUST-1177,2026-01-24,2026-01-27,Premium,GBP,160.65,2,United Kingdom,Completed
MKT-100069,CUST-1387,2026-05-04,2026-05-08,Apparel,AMD,73200.0,2,Armenia,Completed
MKT-100070,CUST-1458,2026-02-10,2026-02-12,Apparel,GBP,139.74,1,United Kingdom,Completed
MKT-100071,CUST-1121,2026-01-15,2026-01-21,Accessories,EUR,179.49,3,Germany,Completed
MKT-100072,CUST-1306,2026-02-14,2026-02-20,Premium,EUR,145.39,1,Austria,Completed
MKT-100073,CUST-1360,2026-03-06,2026-03-13,Accessories,EUR,199.41,1,Austria,Returned
MKT-100074,CUST-1446,2026-03-30,2026-04-03,Shoes,EUR,51.55,2,Austria,Completed
MKT-100075,CUST-1403,2026-03-12,2026-03-18,Sports,EUR,158.83,1,France,Completed
MKT-100076,CUST-1176,2026-01-09,2026-01-14,Accessories,GBP,36.02,1,United Kingdom,Completed
MKT-100077,CUST-1065,2026-03-29,2026-04-04,Apparel,EUR,117.87,2,France,Completed
MKT-100078,CUST-1124,2026-05-09,2026-05-13,Premium,AMD,33500.0,1,Armenia,Returned
MKT-100079,CUST-1007,2026-05-16,2026-05-22,Premium,EUR,61.05,3,Germany,Completed
MKT-100080,CUST-1374,2026-03-04,2026-03-09,Sports,EUR,195.42,2,Netherlands,Completed
MKT-100081,CUST-1110,2026-05-19,2026-05-26,Shoes,EUR,179.32,1,Netherlands,Completed
MKT-100082,CUST-1027,2026-03-22,2026-03-24,Apparel,AMD,35300.0,2,Armenia,Completed
MKT-100083,CUST-1300,2026-05-16,2026-05-18,Accessories,GBP,49.63,2,United Kingdom,Completed
MKT-100084,CUST-1349,2026-02-02,2026-02-05,Shoes,EUR,93.92,1,Austria,Completed
MKT-100085,CUST-1063,2026-05-03,2026-05-07,Premium,GBP,136.02,1,United Kingdom,Completed
MKT-100086,CUST-1496,2026-01-05,2026-01-11,Premium,GBP,101.19,1,United Kingdom,Completed
MKT-100087,CUST-1403,2026-02-10,2026-02-17,Apparel,GBP,110.99,3,United Kingdom,Returned
MKT-100088,CUST-1000,2026-01-28,2026-02-03,Accessories,GBP,37.75,1,United Kingdom,Completed
MKT-100089,CUST-1205,2026-05-15,2026-05-21,Premium,EUR,121.16,1,Germany,Returned
MKT-100090,CUST-1216,2026-03-13,2026-03-17,Apparel,AMD,16100.0,3,Armenia,Returned
MKT-100091,CUST-1293,2026-01-12,2026-01-16,Premium,EUR,94.82,1,France,Completed
MKT-100092,CUST-1374,2026-02-02,2026-02-07,Apparel,EUR,72.3,1,France,Completed
MKT-100093,CUST-1085,2026-02-17,2026-02-23,Apparel,EUR,178.9,1,Netherlands,Returned
MKT-100094,CUST-1465,2026-03-03,2026-03-07,Shoes,EUR,42.8,2,France,Returned
MKT-100095,CUST-1344,2026-02-06,2026-02-08,Premium,GBP,46.97,1,United Kingdom,Returned
MKT-100096,CUST-1360,2026-04-09,2026-04-16,Apparel,EUR,146.72,1,Austria,Completed
MKT-100097,CUST-1088,2026-04-14,2026-04-21,Sports,EUR,178.63,2,Germany,Completed
MKT-100098,CUST-1380,2026-02-04,2026-02-06,Premium,AMD,72100.0,1,Armenia,Completed
MKT-100099,CUST-1338,2026-04-11,2026-04-14,Sports,EUR,167.65,2,Austria,Returned
MKT-100100,CUST-1064,2026-05-11,2026-05-18,Premium,EUR,92.54,1,Germany,Completed
MKT-100101,CUST-1416,2026-01-01,2026-01-05,Shoes,GBP,112.27,1,United Kingdom,Completed
MKT-100102,CUST-1455,2026-01-05,2026-01-12,Apparel,EUR,133.93,2,France,Completed
MKT-100103,CUST-1449,2026-04-13,2026-04-19,Premium,EUR,192.24,1,France,Completed
MKT-100104,CUST-1292,2026-01-27,2026-02-01,Premium,EUR,103.81,1,Austria,Completed
MKT-100105,CUST-1378,2026-05-17,2026-05-24,Accessories,EUR,154.9,1,Netherlands,Completed
MKT-100106,CUST-1291,2026-01-15,2026-01-21,Accessories,GBP,173.2,1,United Kingdom,Completed
MKT-100107,CUST-1333,2026-03-31,2026-04-06,Sports,EUR,71.13,1,Netherlands,Completed
MKT-100108,CUST-1155,2026-02-11,2026-02-18,Accessories,AMD,75400.0,1,Armenia,Completed
MKT-100109,CUST-1076,2026-05-04,2026-05-11,Premium,EUR,103.98,2,France,Completed
MKT-100110,CUST-1158,2026-03-04,2026-03-09,Shoes,EUR,167.96,1,France,Completed
MKT-100111,CUST-1262,2026-04-06,2026-04-11,Shoes,GBP,102.53,1,United Kingdom,Completed
MKT-100112,CUST-1117,2026-02-21,2026-02-25,Sports,EUR,136.26,2,Austria,Completed
MKT-100113,CUST-1120,2026-04-06,2026-04-08,Sports,EUR,67.96,3,France,Completed
MKT-100114,CUST-1067,2026-05-12,2026-05-14,Apparel,EUR,80.9,2,France,Returned
MKT-100115,CUST-1163,2026-01-29,2026-02-01,Apparel,EUR,55.29,1,Germany,Returned
MKT-100116,CUST-1160,2026-02-05,2026-02-07,Sports,AMD,71500.0,1,Armenia,Completed
MKT-100117,CUST-1010,2026-01-13,2026-01-17,Apparel,GBP,60.93,1,United Kingdom,Completed
MKT-100118,CUST-1319,2026-03-12,2026-03-14,Accessories,EUR,62.68,1,Netherlands,Completed
MKT-100119,CUST-1424,2026-03-27,2026-03-30,Shoes,EUR,111.33,1,Netherlands,Returned
MKT-100120,CUST-1101,2026-01-28,2026-02-04,Apparel,AMD,54200.0,3,Armenia,Completed
MKT-100121,CUST-1386,2026-03-07,2026-03-12,Shoes,EUR,183.07,1,Austria,Returned
MKT-100122,CUST-1315,2026-02-14,2026-02-16,Apparel,GBP,96.36,1,United Kingdom,Completed
MKT-100123,CUST-1066,2026-03-03,2026-03-09,Premium,EUR,134.85,1,Netherlands,Completed
MKT-100124,CUST-1257,2026-05-14,2026-05-21,Shoes,EUR,199.06,3,France,Completed
MKT-100125,CUST-1035,2026-01-28,2026-02-02,Sports,EUR,129.97,1,Netherlands,Completed
MKT-100126,CUST-1120,2026-01-28,2026-01-30,Premium,EUR,55.47,1,France,Returned
MKT-100127,CUST-1236,2026-04-18,2026-04-23,Premium,AMD,75300.0,3,Armenia,Returned
MKT-100128,CUST-1285,2026-02-13,2026-02-18,Sports,GBP,66.55,1,United Kingdom,Completed
MKT-100129,CUST-1037,2026-03-25,2026-03-27,Premium,EUR,172.17,2,Austria,Completed
MKT-100130,CUST-1360,2026-01-30,2026-02-01,Sports,EUR,94.67,1,France,Completed
MKT-100131,CUST-1189,2026-03-16,2026-03-18,Apparel,AMD,68600.0,1,Armenia,Completed
MKT-100132,CUST-1341,2026-05-08,2026-05-12,Premium,EUR,119.51,2,Netherlands,Completed
MKT-100133,CUST-1428,2026-04-02,2026-04-04,Accessories,EUR,126.36,1,France,Completed
MKT-100134,CUST-1006,2026-05-09,2026-05-16,Premium,EUR,62.6,2,Netherlands,Completed
MKT-100135,CUST-1418,2026-05-01,2026-05-05,Apparel,EUR,64.61,3,France,Completed
MKT-100136,CUST-1252,2026-01-27,2026-01-30,Shoes,EUR,132.03,3,Germany,Completed
MKT-100137,CUST-1435,2026-05-01,2026-05-08,Accessories,EUR,172.69,3,Netherlands,Completed
MKT-100138,CUST-1404,2026-04-26,2026-05-02,Apparel,EUR,59.48,1,Austria,Returned
MKT-100139,CUST-1127,2026-01-03,2026-01-09,Premium,GBP,146.51,1,United Kingdom,Completed
MKT-100140,CUST-1389,2026-04-13,2026-04-16,Sports,EUR,56.91,1,Austria,Completed
MKT-100141,CUST-1417,2026-05-17,2026-05-21,Apparel,AMD,51700.0,1,Armenia,Completed
MKT-100142,CUST-1462,2026-03-03,2026-03-06,Shoes,EUR,139.12,1,Austria,Completed
MKT-100143,CUST-1493,2026-02-20,2026-02-26,Accessories,EUR,165.23,1,Germany,Completed
MKT-100144,CUST-1039,2026-02-28,2026-03-02,Shoes,GBP,124.98,1,United Kingdom,Returned
MKT-100145,CUST-1421,2026-04-28,2026-05-04,Apparel,GBP,128.36,1,United Kingdom,Completed
MKT-100146,CUST-1154,2026-04-06,2026-04-13,Premium,EUR,96.68,1,Austria,Returned
MKT-100147,CUST-1182,2026-04-23,2026-04-29,Apparel,EUR,194.21,1,Netherlands,Completed
MKT-100148,CUST-1313,2026-03-03,2026-03-10,Sports,EUR,161.65,1,Austria,Completed
MKT-100149,CUST-1337,2026-02-21,2026-02-24,Sports,EUR,196.14,3,Austria,Completed
MKT-100150,CUST-1190,2026-01-12,2026-01-16,Sports,EUR,127.67,2,Germany,Completed
MKT-100151,CUST-1051,2026-02-08,2026-02-11,Premium,EUR,64.01,1,Netherlands,Completed
MKT-100152,CUST-1041,2026-05-10,2026-05-16,Sports,GBP,158.93,3,United Kingdom,Returned
MKT-100153,CUST-1129,2026-05-11,2026-05-13,Premium,EUR,190.85,1,Germany,Completed
MKT-100154,CUST-1231,2026-04-23,2026-04-26,Sports,EUR,80.49,2,France,Completed
MKT-100155,CUST-1078,2026-04-11,2026-04-15,Shoes,EUR,141.87,1,Netherlands,Completed
MKT-100156,CUST-1448,2026-04-23,2026-04-27,Sports,EUR,157.99,1,Austria,Completed
MKT-100157,CUST-1407,2026-03-22,2026-03-26,Accessories,EUR,51.53,1,Germany,Completed
MKT-100158,CUST-1227,2026-04-23,2026-04-29,Accessories,EUR,113.91,3,France,Returned
MKT-100159,CUST-1441,2026-01-02,2026-01-06,Sports,GBP,83.23,1,United Kingdom,Returned
MKT-100160,CUST-1367,2026-05-10,2026-05-13,Premium,EUR,53.22,2,Netherlands,Returned
MKT-100161,CUST-1433,2026-02-23,2026-02-25,Accessories,EUR,101.11,1,Germany,Returned
MKT-100162,CUST-1377,2026-03-28,2026-04-04,Apparel,EUR,143.02,1,Germany,Completed
MKT-100163,CUST-1180,2026-05-09,2026-05-13,Premium,EUR,136.3,1,France,Completed
MKT-100164,CUST-1152,2026-05-06,2026-05-08,Accessories,EUR,75.94,1,France,Completed
MKT-100165,CUST-1467,2026-05-10,2026-05-13,Sports,EUR,83.81,1,Netherlands,Completed
MKT-100166,CUST-1031,2026-02-22,2026-02-24,Shoes,EUR,85.75,1,Austria,Completed
MKT-100167,CUST-1125,2026-03-09,2026-03-15,Premium,EUR,75.37,1,Austria,Completed
MKT-100168,CUST-1347,2026-05-03,2026-05-10,Sports,AMD,32500.0,2,Armenia,Completed
MKT-100169,CUST-1094,2026-02-07,2026-02-13,Accessories,GBP,152.67,1,United Kingdom,Completed
MKT-100170,CUST-1352,2026-01-24,2026-01-31,Accessories,AMD,64300.0,1,Armenia,Completed
MKT-100171,CUST-1366,2026-03-10,2026-03-16,Shoes,EUR,179.73,2,Netherlands,Completed
MKT-100172,CUST-1128,2026-04-26,2026-04-29,Premium,EUR,41.49,2,France,Completed
MKT-100173,CUST-1472,2026-04-08,2026-04-12,Apparel,EUR,145.21,2,France,Returned
MKT-100174,CUST-1111,2026-05-19,2026-05-23,Sports,AMD,59700.0,1,Armenia,Returned
MKT-100175,CUST-1011,2026-04-07,2026-04-10,Shoes,EUR,174.39,1,France,Completed
MKT-100176,CUST-1399,2026-05-04,2026-05-10,Accessories,EUR,148.54,2,Germany,Returned
MKT-100177,CUST-1110,2026-03-11,2026-03-15,Sports,EUR,59.95,1,Austria,Completed
MKT-100178,CUST-1229,2026-04-03,2026-04-10,Sports,AMD,24000.0,1,Armenia,Returned
MKT-100179,CUST-1187,2026-01-03,2026-01-06,Shoes,EUR,66.7,1,Netherlands,Completed
MKT-100180,CUST-1215,2026-03-31,2026-04-05,Sports,EUR,142.77,1,Austria,Completed
MKT-100181,CUST-1157,2026-04-06,2026-04-11,Apparel,EUR,117.86,1,Netherlands,Completed
MKT-100182,CUST-1210,2026-02-21,2026-02-25,Sports,EUR,141.84,2,Germany,Completed
MKT-100183,CUST-1431,2026-05-08,2026-05-14,Sports,GBP,107.59,1,United Kingdom,Returned
MKT-100184,CUST-1112,2026-02-08,2026-02-10,Accessories,EUR,99.43,2,France,Completed
MKT-100185,CUST-1160,2026-03-23,2026-03-25,Shoes,GBP,74.92,1,United Kingdom,Returned
MKT-100186,CUST-1123,2026-04-14,2026-04-18,Accessories,EUR,198.58,2,Netherlands,Completed
MKT-100187,CUST-1137,2026-05-09,2026-05-15,Apparel,EUR,130.49,1,Germany,Returned
MKT-100188,CUST-1197,2026-01-11,2026-01-18,Shoes,EUR,133.84,3,Netherlands,Returned
MKT-100189,CUST-1409,2026-02-11,2026-02-15,Accessories,EUR,176.44,1,France,Returned
MKT-100190,CUST-1191,2026-04-09,2026-04-14,Sports,EUR,109.63,2,Germany,Completed
MKT-100191,CUST-1279,2026-01-07,2026-01-14,Shoes,EUR,185.5,1,France,Completed
MKT-100192,CUST-1056,2026-03-31,2026-04-07,Premium,GBP,49.7,1,United Kingdom,Completed
MKT-100193,CUST-1341,2026-04-22,2026-04-29,Premium,GBP,36.69,1,United Kingdom,Returned
MKT-100194,CUST-1181,2026-03-01,2026-03-08,Apparel,EUR,83.51,2,France,Completed
MKT-100195,CUST-1106,2026-04-23,2026-04-25,Premium,EUR,176.49,1,Austria,Completed
MKT-100196,CUST-1474,2026-01-02,2026-01-08,Apparel,GBP,77.28,2,United Kingdom,Completed
MKT-100197,CUST-1375,2026-05-09,2026-05-15,Shoes,EUR,172.46,1,France,Completed
MKT-100198,CUST-1420,2026-02-17,2026-02-23,Shoes,AMD,62100.0,1,Armenia,Returned
MKT-100199,CUST-1160,2026-05-20,2026-05-25,Apparel,EUR,69.28,2,Germany,Returned
MKT-100200,CUST-1080,2026-02-06,2026-02-08,Sports,EUR,129.8,1,Netherlands,Completed
MKT-100201,CUST-1176,2026-01-09,2026-01-13,Shoes,EUR,166.67,1,Germany,Completed
MKT-100202,CUST-1004,2026-04-09,2026-04-12,Apparel,EUR,108.58,1,Germany,Completed
MKT-100203,CUST-1434,2026-02-17,2026-02-20,Sports,EUR,177.92,2,France,Completed
MKT-100204,CUST-1098,2026-05-11,2026-05-18,Accessories,GBP,83.4,2,United Kingdom,Completed
MKT-100205,CUST-1067,2026-02-23,2026-03-01,Premium,GBP,111.73,1,United Kingdom,Completed
MKT-100206,CUST-1269,2026-04-30,2026-05-06,Accessories,EUR,65.86,3,Netherlands,Completed
MKT-100207,CUST-1065,2026-04-26,2026-05-01,Shoes,EUR,129.28,1,France,Completed
MKT-100208,CUST-1226,2026-03-16,2026-03-21,Premium,EUR,102.52,1,Germany,Completed
MKT-100209,CUST-1266,2026-04-23,2026-04-27,Premium,AMD,43700.0,1,Armenia,Completed
MKT-100210,CUST-1084,2026-04-14,2026-04-19,Shoes,EUR,132.41,1,Germany,Completed
MKT-100211,CUST-1453,2026-03-25,2026-03-28,Premium,EUR,111.62,1,France,Returned
MKT-100212,CUST-1362,2026-04-22,2026-04-28,Shoes,AMD,73300.0,1,Armenia,Completed
MKT-100213,CUST-1100,2026-04-09,2026-04-15,Premium,GBP,153.06,2,United Kingdom,Completed
MKT-100214,CUST-1301,2026-04-03,2026-04-07,Shoes,EUR,168.58,1,Germany,Returned
MKT-100215,CUST-1259,2026-05-08,2026-05-14,Premium,EUR,141.55,2,Netherlands,Returned
MKT-100216,CUST-1352,2026-04-20,2026-04-24,Premium,EUR,129.56,2,Austria,Completed
MKT-100217,CUST-1188,2026-03-23,2026-03-30,Premium,EUR,157.04,2,Netherlands,Returned
MKT-100218,CUST-1427,2026-02-23,2026-02-26,Shoes,EUR,153.64,1,Netherlands,Returned
MKT-100219,CUST-1225,2026-03-09,2026-03-14,Accessories,EUR,97.25,2,Germany,Returned
MKT-100220,CUST-1189,2026-02-02,2026-02-08,Shoes,GBP,153.9,1,United Kingdom,Completed
MKT-100221,CUST-1313,2026-01-21,2026-01-23,Accessories,AMD,44300.0,1,Armenia,Completed
MKT-100222,CUST-1138,2026-02-17,2026-02-24,Accessories,EUR,174.63,1,Germany,Completed
MKT-100223,CUST-1247,2026-05-08,2026-05-11,Premium,EUR,90.39,1,France,Completed
MKT-100224,CUST-1246,2026-05-16,2026-05-21,Accessories,GBP,178.76,1,United Kingdom,Completed
MKT-100225,CUST-1116,2026-05-15,2026-05-22,Sports,EUR,45.31,1,Austria,Completed
MKT-100226,CUST-1354,2026-05-08,2026-05-13,Premium,EUR,162.57,1,Germany,Returned
MKT-100227,CUST-1406,2026-02-02,2026-02-04,Accessories,EUR,147.32,1,Netherlands,Completed
MKT-100228,CUST-1327,2026-04-25,2026-05-02,Accessories,EUR,178.33,1,Netherlands,Completed
MKT-100229,CUST-1423,2026-04-29,2026-05-03,Apparel,GBP,32.7,3,United Kingdom,Returned
MKT-100230,CUST-1386,2026-01-22,2026-01-24,Apparel,AMD,78200.0,1,Armenia,Completed
MKT-100231,CUST-1250,2026-02-07,2026-02-13,Premium,EUR,156.27,2,Netherlands,Returned
MKT-100232,CUST-1436,2026-04-19,2026-04-24,Sports,EUR,74.95,1,Netherlands,Completed
MKT-100233,CUST-1088,2026-02-20,2026-02-22,Accessories,EUR,115.0,1,Germany,Completed
MKT-100234,CUST-1067,2026-01-08,2026-01-15,Premium,EUR,135.81,2,Netherlands,Completed
MKT-100235,CUST-1126,2026-01-27,2026-02-03,Sports,EUR,182.77,2,Netherlands,Returned
MKT-100236,CUST-1493,2026-01-27,2026-02-01,Apparel,AMD,32400.0,1,Armenia,Completed
MKT-100237,CUST-1416,2026-01-21,2026-01-26,Sports,EUR,135.84,1,Austria,Returned
MKT-100238,CUST-1215,2026-01-30,2026-02-04,Shoes,AMD,68900.0,1,Armenia,Returned
MKT-100239,CUST-1046,2026-04-07,2026-04-12,Shoes,EUR,109.54,1,Netherlands,Returned
MKT-100240,CUST-1275,2026-01-28,2026-02-04,Shoes,EUR,141.01,2,Austria,Completed
MKT-100241,CUST-1075,2026-04-21,2026-04-26,Sports,GBP,65.13,3,United Kingdom,Completed
MKT-100242,CUST-1256,2026-03-02,2026-03-05,Shoes,AMD,63300.0,1,Armenia,Completed
MKT-100243,CUST-1466,2026-02-17,2026-02-24,Premium,EUR,185.18,1,France,Completed
MKT-100244,CUST-1141,2026-01-04,2026-01-10,Accessories,EUR,139.6,1,Germany,Completed
MKT-100245,CUST-1048,2026-02-04,2026-02-06,Shoes,EUR,125.92,1,Austria,Completed
MKT-100246,CUST-1340,2026-02-18,2026-02-23,Sports,EUR,94.22,1,Germany,Completed
MKT-100247,CUST-1264,2026-01-17,2026-01-21,Sports,EUR,189.08,1,Netherlands,Completed
MKT-100248,CUST-1182,2026-02-15,2026-02-21,Shoes,AMD,72200.0,1,Armenia,Returned
MKT-100249,CUST-1126,2026-04-27,2026-05-04,Sports,AMD,44300.0,1,Armenia,Returned
MKT-100250,CUST-1267,2026-01-06,2026-01-11,Sports,EUR,154.25,1,Austria,Completed
MKT-100251,CUST-1152,2026-04-09,2026-04-14,Accessories,EUR,155.42,1,France,Returned
MKT-100252,CUST-1449,2026-05-04,2026-05-06,Premium,GBP,132.99,1,United Kingdom,Returned
MKT-100253,CUST-1411,2026-02-06,2026-02-09,Premium,EUR,59.36,3,Austria,Completed
MKT-100254,CUST-1446,2026-01-24,2026-01-28,Sports,EUR,190.68,1,Germany,Completed
MKT-100255,CUST-1209,2026-04-03,2026-04-07,Accessories,EUR,41.62,3,Austria,Completed
MKT-100256,CUST-1154,2026-02-15,2026-02-20,Sports,AMD,62100.0,3,Armenia,Completed
MKT-100257,CUST-1267,2026-04-05,2026-04-12,Accessories,EUR,41.87,1,France,Completed
MKT-100258,CUST-1048,2026-04-09,2026-04-12,Shoes,EUR,59.68,2,Austria,Completed
MKT-100259,CUST-1145,2026-04-26,2026-05-01,Premium,EUR,150.8,1,Austria,Returned
MKT-100260,CUST-1187,2026-03-08,2026-03-14,Premium,EUR,166.24,2,Netherlands,Completed
MKT-100261,CUST-1062,2026-05-08,2026-05-13,Accessories,GBP,167.5,1,United Kingdom,Returned
MKT-100262,CUST-1416,2026-01-18,2026-01-20,Apparel,EUR,152.89,1,Netherlands,Completed
MKT-100263,CUST-1192,2026-01-25,2026-01-30,Premium,EUR,182.42,1,Austria,Completed
MKT-100264,CUST-1494,2026-02-23,2026-02-26,Accessories,GBP,31.01,1,United Kingdom,Completed
MKT-100265,CUST-1175,2026-02-27,2026-03-06,Premium,EUR,124.97,1,Austria,Completed
MKT-100266,CUST-1324,2026-03-08,2026-03-13,Accessories,EUR,62.49,1,Germany,Completed
MKT-100267,CUST-1362,2026-04-14,2026-04-17,Accessories,AMD,28600.0,1,Armenia,Completed
MKT-100268,CUST-1029,2026-01-24,2026-01-28,Apparel,EUR,113.36,3,Austria,Completed
MKT-100269,CUST-1086,2026-04-24,2026-04-27,Premium,GBP,77.1,3,United Kingdom,Completed
MKT-100270,CUST-1125,2026-02-01,2026-02-07,Premium,EUR,137.1,1,Austria,Completed
MKT-100271,CUST-1488,2026-03-27,2026-04-03,Shoes,GBP,177.02,1,United Kingdom,Returned
MKT-100272,CUST-1386,2026-05-07,2026-05-13,Apparel,AMD,69500.0,2,Armenia,Completed
MKT-100273,CUST-1382,2026-05-10,2026-05-13,Premium,EUR,121.19,1,Germany,Returned
MKT-100274,CUST-1446,2026-01-17,2026-01-22,Sports,AMD,25700.0,1,Armenia,Returned
MKT-100275,CUST-1272,2026-04-14,2026-04-18,Accessories,GBP,90.27,2,United Kingdom,Completed
MKT-100276,CUST-1486,2026-05-17,2026-05-19,Sports,EUR,113.83,1,France,Completed
MKT-100277,CUST-1063,2026-02-12,2026-02-18,Accessories,GBP,166.04,3,United Kingdom,Returned
MKT-100278,CUST-1245,2026-02-08,2026-02-14,Accessories,GBP,35.7,1,United Kingdom,Returned
MKT-100279,CUST-1011,2026-01-26,2026-01-31,Shoes,EUR,180.33,3,Germany,Completed
MKT-100280,CUST-1069,2026-04-09,2026-04-14,Apparel,GBP,143.19,1,United Kingdom,Completed
MKT-100281,CUST-1248,2026-02-19,2026-02-26,Accessories,AMD,48200.0,1,Armenia,Completed
MKT-100282,CUST-1434,2026-01-13,2026-01-20,Premium,AMD,41500.0,2,Armenia,Returned
MKT-100283,CUST-1336,2026-03-01,2026-03-03,Shoes,GBP,30.48,1,United Kingdom,Completed
MKT-100284,CUST-1012,2026-05-15,2026-05-22,Sports,AMD,44100.0,3,Armenia,Completed
MKT-100285,CUST-1322,2026-02-26,2026-03-05,Apparel,EUR,44.89,1,Austria,Completed
MKT-100286,CUST-1034,2026-02-05,2026-02-10,Shoes,EUR,93.35,2,France,Completed
MKT-100287,CUST-1326,2026-01-20,2026-01-23,Accessories,EUR,172.56,2,France,Returned
MKT-100288,CUST-1135,2026-03-06,2026-03-08,Sports,EUR,40.91,2,Austria,Returned
MKT-100289,CUST-1190,2026-01-08,2026-01-10,Shoes,GBP,135.01,2,United Kingdom,Returned
MKT-100290,CUST-1074,2026-04-25,2026-04-30,Accessories,EUR,43.92,1,Netherlands,Completed
MKT-100291,CUST-1044,2026-04-02,2026-04-08,Sports,EUR,151.64,1,Austria,Completed
MKT-100292,CUST-1233,2026-04-08,2026-04-11,Premium,EUR,120.1,2,Germany,Returned
MKT-100293,CUST-1110,2026-03-07,2026-03-10,Premium,EUR,104.46,2,France,Completed
MKT-100294,CUST-1117,2026-02-01,2026-02-08,Sports,EUR,82.59,1,Netherlands,Completed
MKT-100295,CUST-1268,2026-03-27,2026-03-29,Sports,EUR,75.08,1,Germany,Returned
MKT-100296,CUST-1182,2026-02-20,2026-02-22,Apparel,EUR,70.05,1,Netherlands,Completed
MKT-100297,CUST-1013,2026-03-04,2026-03-09,Apparel,GBP,132.39,2,United Kingdom,Completed
MKT-100298,CUST-1204,2026-05-05,2026-05-12,Accessories,EUR,123.23,2,Netherlands,Returned
MKT-100299,CUST-1353,2026-02-27,2026-03-06,Accessories,EUR,61.41,1,France,Completed
MKT-100300,CUST-1153,2026-02-27,2026-03-01,Apparel,EUR,121.78,1,Germany,Completed
MKT-100301,CUST-1427,2026-03-27,2026-03-30,Shoes,EUR,94.46,1,Germany,Returned
MKT-100302,CUST-1136,2026-02-18,2026-02-20,Accessories,EUR,60.79,2,Germany,Returned
MKT-100303,CUST-1176,2026-03-11,2026-03-14,Premium,AMD,43200.0,1,Armenia,Completed
MKT-100304,CUST-1474,2026-01-15,2026-01-18,Shoes,EUR,102.02,2,Austria,Completed
MKT-100305,CUST-1100,2026-02-23,2026-03-01,Shoes,EUR,180.08,1,Austria,Completed
MKT-100306,CUST-1020,2026-04-11,2026-04-16,Premium,EUR,87.69,2,Germany,Completed
MKT-100307,CUST-1303,2026-01-08,2026-01-11,Premium,EUR,97.61,2,Germany,Completed
MKT-100308,CUST-1360,2026-02-22,2026-02-25,Premium,EUR,163.32,2,Netherlands,Completed
MKT-100309,CUST-1385,2026-03-01,2026-03-07,Shoes,EUR,106.53,1,Austria,Completed
MKT-100310,CUST-1342,2026-04-18,2026-04-25,Sports,EUR,167.4,1,Germany,Completed
MKT-100311,CUST-1325,2026-01-05,2026-01-10,Premium,EUR,157.94,1,France,Completed
MKT-100312,CUST-1020,2026-04-13,2026-04-20,Premium,EUR,132.67,1,Netherlands,Returned
MKT-100313,CUST-1052,2026-01-06,2026-01-08,Premium,EUR,165.12,1,Netherlands,Returned
MKT-100314,CUST-1257,2026-04-19,2026-04-25,Shoes,EUR,185.77,1,Austria,Returned
MKT-100315,CUST-1016,2026-04-26,2026-04-28,Premium,AMD,41300.0,1,Armenia,Completed
MKT-100316,CUST-1187,2026-04-04,2026-04-08,Apparel,EUR,194.16,1,Germany,Completed
MKT-100317,CUST-1185,2026-02-16,2026-02-21,Premium,EUR,123.41,1,Germany,Completed
MKT-100318,CUST-1420,2026-04-09,2026-04-13,Sports,EUR,98.84,1,Netherlands,Completed
MKT-100319,CUST-1015,2026-02-24,2026-03-01,Accessories,EUR,99.48,1,Germany,Returned
MKT-100320,CUST-1330,2026-02-21,2026-02-26,Shoes,AMD,16500.0,1,Armenia,Completed
MKT-100321,CUST-1103,2026-01-13,2026-01-19,Accessories,EUR,64.37,2,Netherlands,Completed
MKT-100322,CUST-1123,2026-04-24,2026-04-27,Premium,GBP,101.01,1,United Kingdom,Returned
MKT-100323,CUST-1467,2026-05-04,2026-05-06,Apparel,EUR,124.92,1,Austria,Returned
MKT-100324,CUST-1089,2026-04-16,2026-04-23,Premium,EUR,72.8,1,Germany,Completed
MKT-100325,CUST-1338,2026-04-30,2026-05-02,Accessories,EUR,90.42,3,France,Returned
MKT-100326,CUST-1320,2026-03-04,2026-03-09,Shoes,GBP,126.42,3,United Kingdom,Completed
MKT-100327,CUST-1158,2026-01-19,2026-01-26,Shoes,GBP,110.82,1,United Kingdom,Completed
MKT-100328,CUST-1360,2026-04-02,2026-04-05,Accessories,EUR,119.57,1,Austria,Returned
MKT-100329,CUST-1223,2026-02-27,2026-03-06,Sports,AMD,64500.0,3,Armenia,Completed
MKT-100330,CUST-1445,2026-03-31,2026-04-07,Apparel,EUR,188.59,1,Netherlands,Returned
MKT-100331,CUST-1092,2026-04-27,2026-05-04,Premium,AMD,25800.0,2,Armenia,Completed
MKT-100332,CUST-1010,2026-03-03,2026-03-05,Premium,AMD,66600.0,1,Armenia,Returned
MKT-100333,CUST-1183,2026-01-23,2026-01-28,Accessories,AMD,47400.0,3,Armenia,Completed
MKT-100334,CUST-1018,2026-05-07,2026-05-11,Apparel,EUR,109.92,3,Austria,Completed
MKT-100335,CUST-1353,2026-05-17,2026-05-21,Shoes,EUR,185.26,3,Austria,Completed
MKT-100336,CUST-1140,2026-05-20,2026-05-23,Apparel,EUR,161.17,1,France,Completed
MKT-100337,CUST-1080,2026-05-09,2026-05-16,Accessories,EUR,113.32,3,Germany,Returned
MKT-100338,CUST-1420,2026-02-27,2026-03-05,Apparel,EUR,136.49,2,Netherlands,Returned
MKT-100339,CUST-1468,2026-05-02,2026-05-07,Apparel,EUR,168.76,1,France,Completed
MKT-100340,CUST-1376,2026-01-01,2026-01-05,Sports,EUR,108.59,1,Netherlands,Returned
MKT-100341,CUST-1247,2026-02-03,2026-02-06,Accessories,GBP,73.33,3,United Kingdom,Returned
MKT-100342,CUST-1322,2026-04-06,2026-04-08,Premium,EUR,117.05,1,Austria,Completed
MKT-100343,CUST-1345,2026-05-06,2026-05-10,Shoes,EUR,111.1,2,Germany,Completed
MKT-100344,CUST-1323,2026-04-28,2026-05-03,Shoes,EUR,97.37,1,Austria,Completed
MKT-100345,CUST-1265,2026-02-17,2026-02-23,Accessories,GBP,45.27,1,United Kingdom,Completed
MKT-100346,CUST-1353,2026-03-30,2026-04-02,Sports,EUR,68.04,1,Germany,Completed
MKT-100347,CUST-1075,2026-04-27,2026-05-01,Apparel,AMD,42800.0,2,Armenia,Completed
MKT-100348,CUST-1131,2026-05-09,2026-05-12,Apparel,EUR,107.11,2,Austria,Completed
MKT-100349,CUST-1367,2026-01-16,2026-01-22,Accessories,EUR,80.85,1,Austria,Completed
MKT-100350,CUST-1377,2026-03-10,2026-03-17,Accessories,EUR,98.3,1,Germany,Completed
MKT-100351,CUST-1476,2026-01-22,2026-01-26,Apparel,EUR,156.28,2,Austria,Completed
MKT-100352,CUST-1278,2026-04-03,2026-04-05,Sports,EUR,85.2,1,Austria,Completed
MKT-100353,CUST-1248,2026-03-17,2026-03-24,Premium,EUR,40.0,1,Germany,Completed
MKT-100354,CUST-1211,2026-03-27,2026-03-30,Accessories,EUR,41.61,2,Netherlands,Completed
MKT-100355,CUST-1498,2026-01-29,2026-02-03,Premium,GBP,76.51,2,United Kingdom,Completed
MKT-100356,CUST-1356,2026-03-10,2026-03-13,Shoes,EUR,183.37,1,France,Returned
MKT-100357,CUST-1046,2026-02-16,2026-02-18,Premium,EUR,93.91,3,Netherlands,Completed
MKT-100358,CUST-1240,2026-04-04,2026-04-10,Accessories,EUR,134.5,1,Netherlands,Returned
MKT-100359,CUST-1008,2026-03-26,2026-03-30,Shoes,EUR,164.9,3,France,Returned
MKT-100360,CUST-1435,2026-02-08,2026-02-10,Shoes,EUR,136.25,1,Germany,Completed
MKT-100361,CUST-1050,2026-04-10,2026-04-12,Premium,EUR,153.36,3,Germany,Completed
MKT-100362,CUST-1494,2026-02-02,2026-02-05,Apparel,AMD,67200.0,2,Armenia,Completed
MKT-100363,CUST-1476,2026-04-11,2026-04-13,Shoes,EUR,169.13,1,France,Returned
MKT-100364,CUST-1062,2026-01-23,2026-01-28,Shoes,EUR,177.05,2,Austria,Completed
MKT-100365,CUST-1270,2026-01-10,2026-01-12,Premium,EUR,100.88,2,Germany,Completed
MKT-100366,CUST-1371,2026-03-10,2026-03-13,Accessories,EUR,44.03,1,Germany,Returned
MKT-100367,CUST-1387,2026-04-10,2026-04-17,Accessories,EUR,110.03,1,France,Returned
MKT-100368,CUST-1192,2026-02-03,2026-02-05,Sports,EUR,126.52,2,Germany,Returned
MKT-100369,CUST-1203,2026-05-18,2026-05-24,Accessories,EUR,128.43,2,Netherlands,Returned
MKT-100370,CUST-1375,2026-04-06,2026-04-11,Accessories,GBP,73.51,1,United Kingdom,Returned
MKT-100371,CUST-1082,2026-01-01,2026-01-08,Accessories,AMD,70300.0,1,Armenia,Completed
MKT-100372,CUST-1125,2026-03-10,2026-03-15,Sports,EUR,127.82,1,Germany,Returned
MKT-100373,CUST-1056,2026-01-04,2026-01-06,Premium,EUR,93.45,1,Netherlands,Completed
MKT-100374,CUST-1367,2026-01-16,2026-01-20,Shoes,EUR,85.72,1,Germany,Completed
MKT-100375,CUST-1451,2026-01-24,2026-01-27,Shoes,EUR,99.83,1,Netherlands,Completed
MKT-100376,CUST-1476,2026-03-21,2026-03-28,Premium,AMD,66000.0,1,Armenia,Returned
MKT-100377,CUST-1217,2026-01-02,2026-01-05,Sports,EUR,196.86,3,Germany,Completed
MKT-100378,CUST-1168,2026-05-08,2026-05-11,Sports,EUR,196.63,1,Austria,Completed
MKT-100379,CUST-1070,2026-03-25,2026-03-27,Accessories,AMD,48800.0,1,Armenia,Completed
MKT-100380,CUST-1073,2026-05-20,2026-05-24,Apparel,EUR,85.99,1,France,Completed
MKT-100381,CUST-1040,2026-05-04,2026-05-10,Premium,EUR,50.93,1,Netherlands,Completed
MKT-100382,CUST-1405,2026-02-02,2026-02-05,Accessories,EUR,142.66,1,Netherlands,Completed
MKT-100383,CUST-1325,2026-04-11,2026-04-13,Shoes,EUR,147.53,1,Germany,Completed
MKT-100384,CUST-1082,2026-01-12,2026-01-15,Apparel,EUR,67.85,1,Austria,Completed
MKT-100385,CUST-1404,2026-03-08,2026-03-12,Accessories,EUR,190.25,2,Netherlands,Completed
MKT-100386,CUST-1448,2026-03-06,2026-03-13,Shoes,EUR,48.08,1,Germany,Completed
MKT-100387,CUST-1137,2026-03-15,2026-03-17,Premium,GBP,170.95,2,United Kingdom,Returned
MKT-100388,CUST-1369,2026-02-12,2026-02-19,Accessories,EUR,56.3,1,Netherlands,Completed
MKT-100389,CUST-1411,2026-02-13,2026-02-17,Premium,EUR,186.33,1,Austria,Completed
MKT-100390,CUST-1272,2026-01-29,2026-02-01,Accessories,AMD,53300.0,1,Armenia,Returned
MKT-100391,CUST-1368,2026-01-12,2026-01-17,Sports,EUR,54.62,2,Austria,Completed
MKT-100392,CUST-1298,2026-04-05,2026-04-07,Apparel,EUR,42.53,1,Germany,Returned
MKT-100393,CUST-1330,2026-02-15,2026-02-19,Apparel,EUR,137.08,1,Netherlands,Completed
MKT-100394,CUST-1163,2026-05-10,2026-05-13,Accessories,EUR,101.33,1,Netherlands,Completed
MKT-100395,CUST-1375,2026-02-04,2026-02-08,Accessories,EUR,122.18,1,France,Returned
MKT-100396,CUST-1389,2026-03-22,2026-03-25,Accessories,EUR,187.32,1,Germany,Completed
MKT-100397,CUST-1136,2026-03-31,2026-04-05,Apparel,EUR,183.26,2,Germany,Completed
MKT-100398,CUST-1187,2026-01-08,2026-01-14,Apparel,EUR,79.74,1,France,Completed
MKT-100399,CUST-1017,2026-04-03,2026-04-07,Apparel,EUR,165.44,1,Austria,Completed
MKT-100400,CUST-1213,2026-03-31,2026-04-03,Sports,EUR,72.18,1,Germany,Returned
MKT-100401,CUST-1461,2026-04-25,2026-04-30,Apparel,EUR,162.31,1,Germany,Completed
MKT-100402,CUST-1201,2026-04-15,2026-04-21,Premium,EUR,51.28,1,Austria,Returned
MKT-100403,CUST-1451,2026-05-15,2026-05-21,Sports,GBP,96.93,1,United Kingdom,Returned
MKT-100404,CUST-1276,2026-02-27,2026-03-03,Sports,EUR,125.69,1,France,Returned
MKT-100405,CUST-1031,2026-04-24,2026-04-26,Sports,EUR,89.25,1,Austria,Returned
MKT-100406,CUST-1096,2026-03-16,2026-03-19,Shoes,EUR,190.58,1,France,Completed
MKT-100407,CUST-1149,2026-04-30,2026-05-04,Shoes,EUR,120.5,2,Austria,Completed
MKT-100408,CUST-1450,2026-01-21,2026-01-23,Shoes,GBP,158.81,1,United Kingdom,Returned
MKT-100409,CUST-1371,2026-05-18,2026-05-24,Sports,EUR,155.51,1,Austria,Completed
MKT-100410,CUST-1017,2026-04-11,2026-04-14,Shoes,EUR,157.18,1,Austria,Completed
MKT-100411,CUST-1137,2026-04-09,2026-04-12,Premium,AMD,30700.0,1,Armenia,Completed
MKT-100412,CUST-1166,2026-02-05,2026-02-08,Accessories,GBP,76.65,1,United Kingdom,Completed
MKT-100413,CUST-1288,2026-04-06,2026-04-10,Shoes,EUR,106.36,1,Austria,Returned
MKT-100414,CUST-1353,2026-02-06,2026-02-09,Accessories,EUR,72.59,1,Germany,Returned
MKT-100415,CUST-1244,2026-01-12,2026-01-18,Sports,EUR,151.46,1,Austria,Completed
MKT-100416,CUST-1324,2026-04-23,2026-04-26,Apparel,EUR,73.0,2,Germany,Completed
MKT-100417,CUST-1061,2026-01-13,2026-01-15,Shoes,EUR,164.24,2,Austria,Completed
MKT-100418,CUST-1415,2026-01-23,2026-01-27,Apparel,EUR,140.55,1,Austria,Returned
MKT-100419,CUST-1320,2026-04-09,2026-04-14,Sports,EUR,125.71,2,Germany,Completed
MKT-100420,CUST-1232,2026-04-15,2026-04-19,Sports,GBP,80.04,1,United Kingdom,Returned
MKT-100421,CUST-1429,2026-01-30,2026-02-05,Shoes,AMD,15900.0,2,Armenia,Returned
MKT-100422,CUST-1238,2026-01-17,2026-01-20,Shoes,EUR,116.68,2,Netherlands,Returned
MKT-100423,CUST-1081,2026-04-23,2026-04-28,Apparel,EUR,197.07,1,Germany,Returned
MKT-100424,CUST-1220,2026-03-03,2026-03-08,Accessories,EUR,129.45,1,Austria,Returned
MKT-100425,CUST-1059,2026-03-25,2026-03-29,Premium,EUR,99.92,1,Netherlands,Completed
MKT-100426,CUST-1061,2026-04-22,2026-04-26,Shoes,EUR,74.83,1,Netherlands,Completed
MKT-100427,CUST-1047,2026-03-27,2026-03-30,Shoes,EUR,56.59,1,Austria,Completed
MKT-100428,CUST-1317,2026-01-19,2026-01-22,Apparel,EUR,123.37,2,Austria,Completed
MKT-100429,CUST-1070,2026-04-10,2026-04-14,Premium,GBP,141.34,1,United Kingdom,Completed
MKT-100430,CUST-1214,2026-05-20,2026-05-26,Accessories,EUR,185.32,1,France,Returned
MKT-100431,CUST-1061,2026-03-17,2026-03-20,Apparel,EUR,126.66,1,Austria,Returned
MKT-100432,CUST-1103,2026-01-09,2026-01-13,Accessories,EUR,101.79,1,Netherlands,Completed
MKT-100433,CUST-1137,2026-01-28,2026-01-31,Premium,EUR,178.98,2,Netherlands,Completed
MKT-100434,CUST-1370,2026-05-08,2026-05-11,Apparel,EUR,61.38,1,France,Completed
MKT-100435,CUST-1238,2026-02-21,2026-02-23,Accessories,EUR,150.78,3,Netherlands,Returned
MKT-100436,CUST-1155,2026-03-24,2026-03-26,Sports,EUR,83.12,1,Netherlands,Completed
MKT-100437,CUST-1436,2026-04-21,2026-04-26,Premium,EUR,50.1,1,Netherlands,Completed
MKT-100438,CUST-1203,2026-04-27,2026-05-02,Shoes,EUR,151.83,1,France,Returned
MKT-100439,CUST-1095,2026-03-10,2026-03-17,Accessories,EUR,106.44,2,Netherlands,Completed
MKT-100440,CUST-1216,2026-04-09,2026-04-16,Accessories,EUR,165.4,1,France,Completed
MKT-100441,CUST-1263,2026-05-20,2026-05-26,Accessories,EUR,55.09,2,Netherlands,Returned
MKT-100442,CUST-1298,2026-01-25,2026-02-01,Sports,AMD,79900.0,2,Armenia,Returned
MKT-100443,CUST-1162,2026-05-03,2026-05-06,Sports,AMD,79800.0,1,Armenia,Returned
MKT-100444,CUST-1437,2026-02-22,2026-02-26,Accessories,AMD,70200.0,1,Armenia,Returned
MKT-100445,CUST-1414,2026-02-26,2026-03-04,Apparel,AMD,16000.0,2,Armenia,Completed
MKT-100446,CUST-1207,2026-02-08,2026-02-12,Sports,EUR,130.14,2,France,Completed
MKT-100447,CUST-1382,2026-04-19,2026-04-21,Accessories,GBP,178.6,1,United Kingdom,Completed
MKT-100448,CUST-1210,2026-02-11,2026-02-15,Accessories,EUR,76.62,3,Germany,Returned
MKT-100449,CUST-1148,2026-05-02,2026-05-08,Premium,AMD,45500.0,1,Armenia,Completed
MKT-100450,CUST-1013,2026-05-13,2026-05-16,Accessories,GBP,170.99,3,United Kingdom,Returned
MKT-100451,CUST-1470,2026-03-16,2026-03-20,Accessories,EUR,99.7,1,Netherlands,Returned
MKT-100452,CUST-1488,2026-03-17,2026-03-19,Apparel,AMD,60300.0,1,Armenia,Completed
MKT-100453,CUST-1459,2026-01-09,2026-01-14,Apparel,EUR,68.7,1,Germany,Returned
MKT-100454,CUST-1111,2026-03-15,2026-03-22,Shoes,EUR,43.06,1,France,Returned
MKT-100455,CUST-1165,2026-01-07,2026-01-12,Accessories,EUR,149.71,1,Netherlands,Returned
MKT-100456,CUST-1432,2026-05-17,2026-05-23,Apparel,EUR,133.52,3,Austria,Returned
MKT-100457,CUST-1007,2026-01-27,2026-02-01,Sports,AMD,18400.0,1,Armenia,Completed
MKT-100458,CUST-1429,2026-05-02,2026-05-07,Accessories,GBP,66.94,1,United Kingdom,Completed
MKT-100459,CUST-1255,2026-01-05,2026-01-09,Shoes,EUR,168.01,3,Austria,Returned
MKT-100460,CUST-1118,2026-01-29,2026-02-01,Shoes,EUR,139.62,1,Germany,Completed
MKT-100461,CUST-1230,2026-03-24,2026-03-31,Sports,EUR,93.64,3,Netherlands,Returned
MKT-100462,CUST-1493,2026-05-16,2026-05-19,Accessories,EUR,88.97,2,Netherlands,Returned
MKT-100463,CUST-1049,2026-04-19,2026-04-22,Apparel,EUR,115.99,1,France,Completed
MKT-100464,CUST-1295,2026-03-06,2026-03-11,Premium,AMD,79000.0,1,Armenia,Completed
MKT-100465,CUST-1059,2026-03-27,2026-04-03,Apparel,EUR,77.2,1,Austria,Returned
MKT-100466,CUST-1100,2026-03-12,2026-03-18,Apparel,EUR,50.01,2,Austria,Completed
MKT-100467,CUST-1374,2026-02-14,2026-02-21,Accessories,EUR,117.53,1,Netherlands,Completed
MKT-100468,CUST-1127,2026-05-12,2026-05-18,Accessories,EUR,164.89,1,Netherlands,Returned
MKT-100469,CUST-1478,2026-02-05,2026-02-07,Apparel,EUR,113.53,2,Germany,Completed
MKT-100470,CUST-1088,2026-03-11,2026-03-14,Apparel,EUR,70.52,1,Germany,Completed
MKT-100471,CUST-1392,2026-01-19,2026-01-22,Premium,EUR,198.31,1,Austria,Returned
MKT-100472,CUST-1427,2026-04-18,2026-04-24,Accessories,EUR,118.81,1,Germany,Completed
MKT-100473,CUST-1223,2026-04-01,2026-04-04,Sports,GBP,92.42,2,United Kingdom,Completed
MKT-100474,CUST-1187,2026-03-31,2026-04-07,Apparel,AMD,62900.0,2,Armenia,Returned
MKT-100475,CUST-1186,2026-01-19,2026-01-24,Premium,EUR,158.66,1,Germany,Completed
MKT-100476,CUST-1207,2026-02-08,2026-02-12,Sports,EUR,105.05,1,Austria,Returned
MKT-100477,CUST-1031,2026-05-06,2026-05-13,Accessories,EUR,165.7,3,Germany,Completed
MKT-100478,CUST-1348,2026-05-06,2026-05-11,Sports,EUR,156.71,1,Germany,Returned
MKT-100479,CUST-1083,2026-02-27,2026-03-01,Premium,EUR,123.21,1,Netherlands,Returned
MKT-100480,CUST-1204,2026-03-02,2026-03-05,Shoes,EUR,140.37,1,Germany,Returned
MKT-100481,CUST-1327,2026-05-07,2026-05-13,Apparel,EUR,87.03,3,Germany,Completed
MKT-100482,CUST-1268,2026-04-15,2026-04-19,Sports,EUR,165.73,1,France,Returned
MKT-100483,CUST-1400,2026-01-01,2026-01-04,Sports,EUR,108.8,2,Netherlands,Returned
MKT-100484,CUST-1468,2026-05-11,2026-05-18,Sports,EUR,67.31,1,France,Completed
MKT-100485,CUST-1179,2026-04-02,2026-04-06,Apparel,GBP,130.5,2,United Kingdom,Completed
MKT-100486,CUST-1307,2026-04-23,2026-04-28,Shoes,EUR,128.19,2,Netherlands,Completed
MKT-100487,CUST-1264,2026-02-25,2026-03-01,Premium,AMD,44200.0,2,Armenia,Completed
MKT-100488,CUST-1320,2026-04-27,2026-04-29,Accessories,AMD,26300.0,2,Armenia,Completed
MKT-100489,CUST-1480,2026-05-14,2026-05-18,Apparel,AMD,57300.0,1,Armenia,Completed
MKT-100490,CUST-1420,2026-02-27,2026-03-06,Sports,EUR,50.59,2,Netherlands,Completed
MKT-100491,CUST-1138,2026-02-13,2026-02-15,Shoes,EUR,77.51,1,Germany,Completed
MKT-100492,CUST-1005,2026-03-02,2026-03-06,Accessories,GBP,119.59,1,United Kingdom,Completed
MKT-100493,CUST-1067,2026-02-16,2026-02-23,Apparel,EUR,181.58,3,Austria,Completed
MKT-100494,CUST-1464,2026-03-21,2026-03-27,Shoes,GBP,131.72,1,United Kingdom,Completed
MKT-100495,CUST-1237,2026-04-28,2026-05-02,Accessories,EUR,84.5,2,France,Completed
MKT-100496,CUST-1207,2026-01-20,2026-01-22,Apparel,GBP,57.86,3,United Kingdom,Completed
MKT-100497,CUST-1374,2026-02-16,2026-02-18,Sports,GBP,70.94,1,United Kingdom,Completed
MKT-100498,CUST-1072,2026-02-18,2026-02-21,Apparel,EUR,49.62,1,Netherlands,Completed
MKT-100499,CUST-1194,2026-01-14,2026-01-18,Apparel,AMD,34100.0,3,Armenia,Completed
MKT-100500,CUST-1043,2026-01-01,2026-01-05,Apparel,GBP,159.74,2,United Kingdom,Returned
MKT-100501,CUST-1131,2026-04-27,2026-04-30,Shoes,GBP,143.62,1,United Kingdom,Returned
MKT-100502,CUST-1339,2026-02-23,2026-02-27,Shoes,EUR,136.61,2,France,Returned
MKT-100503,CUST-1252,2026-04-28,2026-05-04,Apparel,EUR,58.71,1,Germany,Completed
MKT-100504,CUST-1376,2026-01-03,2026-01-10,Apparel,EUR,66.3,1,Germany,Completed
MKT-100505,CUST-1148,2026-01-12,2026-01-17,Premium,GBP,117.21,2,United Kingdom,Returned
MKT-100506,CUST-1179,2026-03-15,2026-03-19,Shoes,EUR,129.69,1,France,Completed
MKT-100507,CUST-1310,2026-01-16,2026-01-22,Sports,EUR,132.3,1,France,Completed
MKT-100508,CUST-1239,2026-04-12,2026-04-18,Apparel,EUR,50.76,2,Austria,Returned
MKT-100509,CUST-1331,2026-04-27,2026-05-04,Apparel,AMD,49600.0,2,Armenia,Completed
MKT-100510,CUST-1377,2026-01-08,2026-01-14,Shoes,EUR,171.0,1,Austria,Returned
MKT-100511,CUST-1384,2026-05-02,2026-05-05,Sports,GBP,34.09,1,United Kingdom,Returned
MKT-100512,CUST-1334,2026-04-02,2026-04-05,Shoes,EUR,183.64,1,Netherlands,Completed
MKT-100513,CUST-1089,2026-03-31,2026-04-07,Sports,EUR,92.51,1,Germany,Returned
MKT-100514,CUST-1365,2026-05-16,2026-05-23,Sports,EUR,174.55,1,Austria,Completed
MKT-100515,CUST-1162,2026-03-01,2026-03-07,Premium,EUR,84.12,1,Germany,Returned
MKT-100516,CUST-1302,2026-01-28,2026-01-30,Sports,EUR,136.27,1,Germany,Returned
MKT-100517,CUST-1272,2026-04-11,2026-04-15,Shoes,EUR,195.38,2,France,Completed
MKT-100518,CUST-1238,2026-02-10,2026-02-15,Premium,AMD,65300.0,1,Armenia,Completed
MKT-100519,CUST-1121,2026-02-15,2026-02-20,Premium,GBP,132.2,2,United Kingdom,Completed
MKT-100520,CUST-1354,2026-02-04,2026-02-06,Premium,AMD,77500.0,1,Armenia,Completed
MKT-100521,CUST-1238,2026-05-14,2026-05-21,Premium,EUR,51.22,1,Austria,Returned
MKT-100522,CUST-1283,2026-03-23,2026-03-30,Sports,GBP,92.88,2,United Kingdom,Completed
MKT-100523,CUST-1449,2026-04-25,2026-04-29,Premium,EUR,90.09,3,Germany,Completed
MKT-100524,CUST-1229,2026-02-16,2026-02-18,Apparel,AMD,20900.0,1,Armenia,Completed
MKT-100525,CUST-1172,2026-01-10,2026-01-15,Sports,EUR,171.92,1,France,Returned
MKT-100526,CUST-1092,2026-02-25,2026-03-03,Apparel,EUR,57.22,2,Netherlands,Returned
MKT-100527,CUST-1005,2026-01-30,2026-02-01,Accessories,EUR,184.25,1,Austria,Completed
MKT-100528,CUST-1446,2026-04-19,2026-04-23,Premium,EUR,151.47,1,Germany,Returned
MKT-100529,CUST-1192,2026-01-05,2026-01-12,Premium,EUR,110.49,1,Netherlands,Completed
MKT-100530,CUST-1392,2026-04-29,2026-05-05,Premium,AMD,65700.0,1,Armenia,Completed
MKT-100531,CUST-1328,2026-02-02,2026-02-05,Apparel,EUR,88.72,1,Germany,Completed
MKT-100532,CUST-1481,2026-04-28,2026-05-03,Sports,EUR,164.21,1,Netherlands,Completed
MKT-100533,CUST-1493,2026-03-06,2026-03-09,Apparel,EUR,155.88,1,Netherlands,Completed
MKT-100534,CUST-1047,2026-01-11,2026-01-13,Apparel,EUR,65.54,1,Netherlands,Returned
MKT-100535,CUST-1390,2026-03-26,2026-04-01,Shoes,EUR,191.72,1,Austria,Completed
MKT-100536,CUST-1053,2026-01-26,2026-01-31,Accessories,EUR,107.14,1,Germany,Returned
MKT-100537,CUST-1345,2026-03-04,2026-03-07,Shoes,AMD,16900.0,2,Armenia,Completed
MKT-100538,CUST-1387,2026-03-27,2026-03-30,Apparel,GBP,84.62,1,United Kingdom,Completed
MKT-100539,CUST-1253,2026-02-28,2026-03-07,Accessories,GBP,93.92,2,United Kingdom,Completed
MKT-100540,CUST-1089,2026-01-27,2026-02-01,Premium,EUR,54.01,1,Austria,Completed
MKT-100541,CUST-1399,2026-04-08,2026-04-13,Apparel,EUR,53.36,1,Austria,Completed
MKT-100542,CUST-1398,2026-04-15,2026-04-21,Premium,EUR,156.4,1,Austria,Returned
MKT-100543,CUST-1164,2026-04-09,2026-04-15,Accessories,EUR,73.37,3,France,Completed
MKT-100544,CUST-1385,2026-05-09,2026-05-11,Apparel,EUR,95.45,1,Netherlands,Completed
MKT-100545,CUST-1140,2026-02-24,2026-03-02,Accessories,AMD,60300.0,1,Armenia,Completed
MKT-100546,CUST-1419,2026-01-06,2026-01-13,Shoes,GBP,164.35,1,United Kingdom,Completed
MKT-100547,CUST-1440,2026-04-05,2026-04-12,Premium,GBP,130.86,1,United Kingdom,Completed
MKT-100548,CUST-1125,2026-05-13,2026-05-16,Accessories,EUR,65.01,1,Austria,Returned
MKT-100549,CUST-1297,2026-04-12,2026-04-18,Shoes,GBP,42.18,1,United Kingdom,Returned
MKT-100550,CUST-1383,2026-01-03,2026-01-07,Accessories,EUR,167.01,1,France,Returned
MKT-100551,CUST-1186,2026-01-23,2026-01-27,Premium,EUR,162.88,1,Austria,Returned
MKT-100552,CUST-1414,2026-02-22,2026-02-24,Accessories,EUR,43.77,1,Netherlands,Completed
MKT-100553,CUST-1366,2026-03-24,2026-03-30,Apparel,GBP,120.48,1,United Kingdom,Completed
MKT-100554,CUST-1046,2026-03-26,2026-03-30,Premium,GBP,59.25,2,United Kingdom,Completed
MKT-100555,CUST-1409,2026-03-19,2026-03-22,Accessories,GBP,45.43,3,United Kingdom,Returned
MKT-100556,CUST-1489,2026-04-20,2026-04-26,Accessories,AMD,36100.0,1,Armenia,Returned
MKT-100557,CUST-1083,2026-01-01,2026-01-04,Premium,GBP,30.2,2,United Kingdom,Completed
MKT-100558,CUST-1332,2026-02-20,2026-02-25,Shoes,EUR,77.33,1,France,Completed
MKT-100559,CUST-1467,2026-01-04,2026-01-11,Apparel,EUR,136.96,1,Austria,Completed
MKT-100560,CUST-1011,2026-04-23,2026-04-26,Shoes,EUR,135.06,1,France,Returned
MKT-100561,CUST-1038,2026-02-01,2026-02-03,Premium,EUR,174.72,2,France,Completed
MKT-100562,CUST-1158,2026-02-03,2026-02-08,Shoes,EUR,87.35,3,Netherlands,Returned
MKT-100563,CUST-1124,2026-04-02,2026-04-07,Sports,EUR,132.3,1,Austria,Completed
MKT-100564,CUST-1313,2026-04-05,2026-04-08,Premium,EUR,168.03,1,Netherlands,Completed
MKT-100565,CUST-1126,2026-03-13,2026-03-19,Sports,GBP,139.03,3,United Kingdom,Returned
MKT-100566,CUST-1017,2026-02-08,2026-02-10,Accessories,EUR,148.74,1,Austria,Returned
MKT-100567,CUST-1103,2026-04-28,2026-05-02,Accessories,EUR,145.89,1,Austria,Returned
MKT-100568,CUST-1492,2026-01-03,2026-01-10,Sports,GBP,78.53,1,United Kingdom,Completed
MKT-100569,CUST-1494,2026-05-03,2026-05-08,Premium,EUR,173.04,1,Germany,Completed
MKT-100570,CUST-1042,2026-02-19,2026-02-24,Shoes,AMD,34400.0,1,Armenia,Completed
MKT-100571,CUST-1189,2026-01-12,2026-01-17,Sports,AMD,24600.0,3,Armenia,Completed
MKT-100572,CUST-1408,2026-02-23,2026-02-25,Apparel,EUR,53.61,1,Austria,Completed
MKT-100573,CUST-1342,2026-05-13,2026-05-15,Accessories,EUR,90.39,2,Germany,Completed
MKT-100574,CUST-1015,2026-02-26,2026-03-02,Accessories,EUR,54.02,2,Austria,Returned
MKT-100575,CUST-1336,2026-04-22,2026-04-25,Apparel,EUR,88.92,1,Austria,Completed
MKT-100576,CUST-1187,2026-02-16,2026-02-22,Accessories,AMD,38700.0,1,Armenia,Returned
MKT-100577,CUST-1166,2026-03-26,2026-03-31,Premium,EUR,81.08,1,Austria,Completed
MKT-100578,CUST-1396,2026-03-07,2026-03-11,Premium,EUR,164.86,2,Austria,Returned
MKT-100579,CUST-1210,2026-03-16,2026-03-22,Premium,EUR,175.99,1,Austria,Completed
MKT-100580,CUST-1076,2026-04-13,2026-04-17,Premium,EUR,87.69,2,France,Completed
MKT-100581,CUST-1438,2026-02-07,2026-02-11,Accessories,GBP,101.12,1,United Kingdom,Returned
MKT-100582,CUST-1447,2026-02-19,2026-02-26,Premium,EUR,119.7,1,France,Returned
MKT-100583,CUST-1442,2026-04-08,2026-04-10,Premium,AMD,67600.0,2,Armenia,Completed
MKT-100584,CUST-1395,2026-03-23,2026-03-27,Apparel,EUR,199.45,2,Austria,Completed
MKT-100585,CUST-1308,2026-01-30,2026-02-03,Shoes,EUR,124.75,3,Austria,Completed
MKT-100586,CUST-1259,2026-03-20,2026-03-27,Accessories,EUR,194.65,3,Germany,Returned
MKT-100587,CUST-1488,2026-04-01,2026-04-04,Sports,AMD,39100.0,1,Armenia,Returned
MKT-100588,CUST-1028,2026-02-21,2026-02-23,Accessories,EUR,170.52,1,France,Completed
MKT-100589,CUST-1450,2026-03-20,2026-03-24,Premium,EUR,119.89,1,Netherlands,Completed
MKT-100590,CUST-1046,2026-01-30,2026-02-01,Sports,AMD,15000.0,1,Armenia,Completed
MKT-100591,CUST-1277,2026-04-16,2026-04-23,Shoes,EUR,190.48,3,Germany,Completed
MKT-100592,CUST-1380,2026-02-20,2026-02-23,Apparel,EUR,136.29,1,Germany,Completed
MKT-100593,CUST-1417,2026-03-22,2026-03-24,Premium,GBP,88.76,2,United Kingdom,Completed
MKT-100594,CUST-1477,2026-05-13,2026-05-16,Apparel,GBP,112.85,2,United Kingdom,Completed
MKT-100595,CUST-1243,2026-01-29,2026-02-04,Accessories,AMD,34200.0,1,Armenia,Completed
MKT-100596,CUST-1412,2026-05-12,2026-05-14,Accessories,EUR,67.53,1,France,Completed
MKT-100597,CUST-1303,2026-05-18,2026-05-23,Apparel,EUR,52.9,1,Austria,Completed
MKT-100598,CUST-1065,2026-03-15,2026-03-22,Premium,EUR,90.4,3,Netherlands,Completed
MKT-100599,CUST-1252,2026-01-17,2026-01-20,Shoes,EUR,71.23,1,Austria,Completed
MKT-100600,CUST-1043,2026-03-25,2026-03-28,Accessories,EUR,103.06,1,Austria,Returned
MKT-100601,CUST-1032,2026-03-10,2026-03-16,Apparel,EUR,147.56,2,Netherlands,Completed
MKT-100602,CUST-1331,2026-02-03,2026-02-07,Sports,EUR,179.82,1,Germany,Returned
MKT-100603,CUST-1171,2026-01-06,2026-01-09,Apparel,GBP,33.62,1,United Kingdom,Completed
MKT-100604,CUST-1416,2026-02-22,2026-02-27,Premium,EUR,74.61,1,Netherlands,Returned
MKT-100605,CUST-1368,2026-05-06,2026-05-11,Apparel,AMD,53200.0,2,Armenia,Returned
MKT-100606,CUST-1184,2026-02-12,2026-02-17,Sports,EUR,114.58,1,Netherlands,Completed
MKT-100607,CUST-1178,2026-04-25,2026-05-02,Shoes,GBP,92.27,1,United Kingdom,Returned
MKT-100608,CUST-1479,2026-04-21,2026-04-27,Accessories,EUR,162.19,1,Austria,Completed
MKT-100609,CUST-1338,2026-03-21,2026-03-27,Apparel,AMD,25600.0,1,Armenia,Returned
MKT-100610,CUST-1076,2026-04-05,2026-04-12,Sports,GBP,89.67,1,United Kingdom,Completed
MKT-100611,CUST-1178,2026-04-28,2026-05-01,Sports,GBP,101.17,1,United Kingdom,Completed
MKT-100612,CUST-1315,2026-01-08,2026-01-14,Sports,AMD,72100.0,1,Armenia,Completed
MKT-100613,CUST-1407,2026-05-12,2026-05-19,Shoes,EUR,69.64,1,France,Returned
MKT-100614,CUST-1368,2026-04-14,2026-04-18,Shoes,EUR,112.68,3,Netherlands,Completed
MKT-100615,CUST-1333,2026-05-12,2026-05-17,Shoes,EUR,161.08,1,France,Returned
MKT-100616,CUST-1017,2026-01-25,2026-02-01,Sports,EUR,191.84,1,Austria,Completed
MKT-100617,CUST-1091,2026-04-06,2026-04-10,Accessories,GBP,55.48,1,United Kingdom,Completed
MKT-100618,CUST-1067,2026-04-03,2026-04-05,Shoes,GBP,116.94,1,United Kingdom,Returned
MKT-100619,CUST-1196,2026-03-02,2026-03-09,Shoes,EUR,118.47,1,Netherlands,Returned
MKT-100620,CUST-1300,2026-05-02,2026-05-05,Apparel,EUR,134.03,1,France,Completed
MKT-100621,CUST-1438,2026-02-20,2026-02-26,Accessories,EUR,140.44,2,France,Returned
MKT-100622,CUST-1044,2026-01-21,2026-01-24,Premium,EUR,193.86,1,Netherlands,Completed
MKT-100623,CUST-1274,2026-01-05,2026-01-09,Apparel,EUR,68.94,2,Netherlands,Completed
MKT-100624,CUST-1027,2026-04-02,2026-04-07,Accessories,AMD,39200.0,1,Armenia,Completed
MKT-100625,CUST-1126,2026-03-02,2026-03-08,Accessories,EUR,182.42,1,France,Completed
MKT-100626,CUST-1015,2026-01-22,2026-01-29,Premium,GBP,179.48,1,United Kingdom,Returned
MKT-100627,CUST-1213,2026-03-11,2026-03-18,Sports,GBP,139.53,1,United Kingdom,Completed
MKT-100628,CUST-1114,2026-01-01,2026-01-03,Accessories,EUR,96.7,2,Germany,Completed
MKT-100629,CUST-1462,2026-05-13,2026-05-19,Shoes,AMD,37700.0,1,Armenia,Completed
MKT-100630,CUST-1087,2026-01-12,2026-01-16,Accessories,EUR,75.94,2,Austria,Completed
MKT-100631,CUST-1346,2026-03-31,2026-04-03,Shoes,GBP,134.9,2,United Kingdom,Completed
MKT-100632,CUST-1300,2026-02-15,2026-02-21,Sports,EUR,122.11,1,France,Completed
MKT-100633,CUST-1027,2026-02-03,2026-02-10,Shoes,EUR,49.75,1,Austria,Completed
MKT-100634,CUST-1037,2026-03-19,2026-03-21,Sports,EUR,185.28,1,Netherlands,Completed
MKT-100635,CUST-1151,2026-02-14,2026-02-18,Accessories,EUR,115.46,1,Austria,Completed
MKT-100636,CUST-1000,2026-03-14,2026-03-20,Premium,EUR,80.58,1,Austria,Completed
MKT-100637,CUST-1399,2026-01-26,2026-02-02,Apparel,AMD,53200.0,1,Armenia,Completed
MKT-100638,CUST-1128,2026-02-16,2026-02-18,Apparel,EUR,186.09,1,Netherlands,Returned
MKT-100639,CUST-1380,2026-05-01,2026-05-06,Sports,EUR,89.03,1,France,Completed
MKT-100640,CUST-1489,2026-02-25,2026-02-27,Apparel,AMD,20700.0,1,Armenia,Completed
MKT-100641,CUST-1478,2026-04-04,2026-04-09,Premium,GBP,84.06,1,United Kingdom,Completed
MKT-100642,CUST-1271,2026-04-17,2026-04-19,Accessories,EUR,189.24,1,France,Returned
MKT-100643,CUST-1110,2026-03-04,2026-03-10,Apparel,GBP,151.16,2,United Kingdom,Returned
MKT-100644,CUST-1104,2026-02-17,2026-02-23,Accessories,EUR,73.34,1,France,Completed
MKT-100645,CUST-1098,2026-03-02,2026-03-04,Sports,EUR,80.99,1,Netherlands,Completed
MKT-100646,CUST-1072,2026-03-22,2026-03-28,Premium,GBP,83.49,1,United Kingdom,Returned
MKT-100647,CUST-1205,2026-01-26,2026-01-31,Apparel,EUR,189.53,2,Austria,Returned
MKT-100648,CUST-1182,2026-02-05,2026-02-07,Shoes,EUR,92.57,1,France,Returned
MKT-100649,CUST-1069,2026-01-01,2026-01-04,Accessories,GBP,61.02,1,United Kingdom,Returned
MKT-100650,CUST-1466,2026-01-08,2026-01-15,Accessories,GBP,141.78,1,United Kingdom,Completed
MKT-100651,CUST-1216,2026-04-23,2026-04-30,Premium,EUR,99.24,2,Germany,Completed
MKT-100652,CUST-1006,2026-04-09,2026-04-11,Accessories,AMD,77200.0,2,Armenia,Returned
MKT-100653,CUST-1219,2026-02-16,2026-02-23,Premium,AMD,31200.0,1,Armenia,Returned
MKT-100654,CUST-1009,2026-05-07,2026-05-13,Apparel,EUR,179.41,1,Austria,Completed
MKT-100655,CUST-1408,2026-02-25,2026-02-28,Shoes,EUR,149.21,1,Netherlands,Returned
MKT-100656,CUST-1386,2026-01-14,2026-01-18,Accessories,EUR,89.93,2,Netherlands,Completed
MKT-100657,CUST-1358,2026-01-28,2026-01-31,Accessories,EUR,149.22,2,Austria,Completed
MKT-100658,CUST-1108,2026-03-19,2026-03-26,Shoes,AMD,67200.0,1,Armenia,Returned
MKT-100659,CUST-1386,2026-05-10,2026-05-17,Sports,GBP,123.75,1,United Kingdom,Completed
MKT-100660,CUST-1086,2026-04-19,2026-04-23,Shoes,EUR,54.1,2,Netherlands,Returned
MKT-100661,CUST-1164,2026-01-14,2026-01-16,Shoes,EUR,104.29,1,France,Returned
MKT-100662,CUST-1445,2026-02-25,2026-03-03,Accessories,AMD,61100.0,2,Armenia,Completed
MKT-100663,CUST-1272,2026-04-25,2026-05-01,Premium,EUR,98.08,2,Austria,Returned
MKT-100664,CUST-1334,2026-01-07,2026-01-10,Accessories,EUR,181.82,1,Netherlands,Completed
MKT-100665,CUST-1360,2026-01-03,2026-01-07,Apparel,EUR,190.73,2,Netherlands,Completed
MKT-100666,CUST-1000,2026-04-21,2026-04-28,Apparel,GBP,111.64,1,United Kingdom,Completed
MKT-100667,CUST-1454,2026-04-17,2026-04-19,Sports,EUR,123.29,1,Austria,Completed
MKT-100668,CUST-1346,2026-01-18,2026-01-20,Apparel,EUR,50.1,1,Netherlands,Completed
MKT-100669,CUST-1444,2026-02-07,2026-02-14,Sports,EUR,114.88,2,Austria,Returned
MKT-100670,CUST-1426,2026-04-25,2026-04-28,Shoes,EUR,147.77,1,France,Returned
MKT-100671,CUST-1349,2026-01-15,2026-01-20,Shoes,EUR,145.73,3,Austria,Completed
MKT-100672,CUST-1487,2026-04-29,2026-05-04,Shoes,AMD,18600.0,1,Armenia,Completed
MKT-100673,CUST-1319,2026-01-28,2026-01-30,Apparel,AMD,74500.0,1,Armenia,Completed
MKT-100674,CUST-1448,2026-02-08,2026-02-15,Shoes,EUR,155.84,2,Germany,Completed
MKT-100675,CUST-1058,2026-01-17,2026-01-23,Shoes,EUR,51.68,2,France,Completed
MKT-100676,CUST-1463,2026-03-27,2026-04-01,Apparel,GBP,179.15,1,United Kingdom,Completed
MKT-100677,CUST-1181,2026-05-06,2026-05-08,Sports,EUR,52.99,2,Austria,Completed
MKT-100678,CUST-1145,2026-02-13,2026-02-19,Accessories,EUR,180.39,1,France,Returned
MKT-100679,CUST-1145,2026-01-25,2026-01-30,Apparel,AMD,67500.0,1,Armenia,Completed
MKT-100680,CUST-1304,2026-01-13,2026-01-16,Premium,EUR,181.84,2,Germany,Completed
MKT-100681,CUST-1430,2026-01-25,2026-01-28,Premium,EUR,177.4,3,Netherlands,Completed
MKT-100682,CUST-1421,2026-03-09,2026-03-16,Shoes,GBP,154.13,3,United Kingdom,Completed
MKT-100683,CUST-1438,2026-05-18,2026-05-22,Premium,EUR,128.89,1,Netherlands,Completed
MKT-100684,CUST-1412,2026-03-08,2026-03-15,Accessories,AMD,73800.0,1,Armenia,Completed
MKT-100685,CUST-1272,2026-04-19,2026-04-26,Shoes,EUR,87.62,2,France,Completed
MKT-100686,CUST-1481,2026-04-21,2026-04-25,Accessories,AMD,36200.0,2,Armenia,Returned
MKT-100687,CUST-1320,2026-04-21,2026-04-27,Accessories,EUR,58.99,1,Austria,Completed
MKT-100688,CUST-1167,2026-02-03,2026-02-08,Apparel,AMD,70500.0,1,Armenia,Returned
MKT-100689,CUST-1186,2026-04-21,2026-04-24,Premium,AMD,15900.0,1,Armenia,Returned
MKT-100690,CUST-1205,2026-01-08,2026-01-11,Accessories,EUR,192.4,2,Netherlands,Completed
MKT-100691,CUST-1149,2026-04-23,2026-04-25,Shoes,EUR,172.77,1,Austria,Completed
MKT-100692,CUST-1401,2026-03-24,2026-03-30,Sports,EUR,53.99,1,France,Completed
MKT-100693,CUST-1096,2026-02-11,2026-02-17,Premium,GBP,175.44,1,United Kingdom,Returned
MKT-100694,CUST-1054,2026-04-11,2026-04-13,Apparel,EUR,62.59,1,Austria,Completed
MKT-100695,CUST-1078,2026-01-06,2026-01-13,Accessories,EUR,94.81,1,Austria,Returned
MKT-100696,CUST-1002,2026-01-26,2026-01-28,Apparel,EUR,186.82,1,Germany,Completed
MKT-100697,CUST-1179,2026-03-05,2026-03-07,Apparel,EUR,129.9,1,Germany,Returned
MKT-100698,CUST-1208,2026-02-28,2026-03-05,Shoes,EUR,101.14,1,Austria,Completed
MKT-100699,CUST-1055,2026-04-19,2026-04-22,Shoes,AMD,56800.0,1,Armenia,Completed
MKT-100700,CUST-1186,2026-05-01,2026-05-06,Apparel,EUR,70.91,1,Germany,Returned
MKT-100701,CUST-1214,2026-02-02,2026-02-05,Premium,EUR,94.87,1,Austria,Completed
MKT-100702,CUST-1100,2026-01-21,2026-01-23,Accessories,AMD,18600.0,1,Armenia,Returned
MKT-100703,CUST-1228,2026-03-11,2026-03-18,Shoes,EUR,54.36,1,Germany,Completed
MKT-100704,CUST-1272,2026-04-22,2026-04-29,Sports,EUR,94.85,1,Germany,Completed
MKT-100705,CUST-1401,2026-01-04,2026-01-07,Sports,AMD,30600.0,1,Armenia,Completed
MKT-100706,CUST-1100,2026-04-04,2026-04-07,Sports,EUR,66.6,1,France,Completed
MKT-100707,CUST-1337,2026-03-16,2026-03-18,Accessories,EUR,94.21,2,Austria,Completed
MKT-100708,CUST-1078,2026-03-03,2026-03-07,Accessories,GBP,37.44,1,United Kingdom,Completed
MKT-100709,CUST-1216,2026-04-04,2026-04-08,Apparel,EUR,187.07,1,France,Completed
MKT-100710,CUST-1480,2026-04-05,2026-04-08,Apparel,EUR,70.45,1,Austria,Returned
MKT-100711,CUST-1130,2026-02-24,2026-03-01,Accessories,EUR,89.95,2,Germany,Completed
MKT-100712,CUST-1262,2026-05-17,2026-05-22,Premium,GBP,171.15,2,United Kingdom,Returned
MKT-100713,CUST-1265,2026-05-11,2026-05-18,Apparel,EUR,48.2,1,Germany,Returned
MKT-100714,CUST-1232,2026-01-31,2026-02-07,Accessories,GBP,57.96,1,United Kingdom,Completed
MKT-100715,CUST-1211,2026-02-09,2026-02-11,Accessories,EUR,44.3,3,France,Completed
MKT-100716,CUST-1285,2026-02-05,2026-02-09,Shoes,EUR,108.34,2,France,Returned
MKT-100717,CUST-1097,2026-01-06,2026-01-12,Premium,EUR,80.35,1,Netherlands,Completed
MKT-100718,CUST-1086,2026-03-07,2026-03-12,Sports,EUR,43.53,1,France,Completed
MKT-100719,CUST-1186,2026-03-16,2026-03-21,Accessories,EUR,64.5,1,France,Returned
MKT-100720,CUST-1161,2026-01-04,2026-01-09,Premium,EUR,131.77,1,Netherlands,Returned
MKT-100721,CUST-1179,2026-03-20,2026-03-25,Accessories,EUR,57.3,1,Netherlands,Completed
MKT-100722,CUST-1052,2026-05-14,2026-05-18,Accessories,EUR,73.12,1,Netherlands,Completed
MKT-100723,CUST-1386,2026-04-28,2026-05-04,Apparel,AMD,32800.0,2,Armenia,Completed
MKT-100724,CUST-1016,2026-04-23,2026-04-25,Apparel,AMD,27800.0,1,Armenia,Returned
MKT-100725,CUST-1471,2026-04-04,2026-04-08,Sports,EUR,177.27,1,Netherlands,Completed
MKT-100726,CUST-1363,2026-03-03,2026-03-10,Apparel,EUR,188.83,1,France,Returned
MKT-100727,CUST-1370,2026-03-20,2026-03-22,Shoes,AMD,34700.0,1,Armenia,Returned
MKT-100728,CUST-1213,2026-05-16,2026-05-22,Shoes,EUR,100.76,3,France,Completed
MKT-100729,CUST-1353,2026-01-26,2026-01-29,Sports,GBP,144.33,1,United Kingdom,Returned
MKT-100730,CUST-1249,2026-02-13,2026-02-18,Accessories,EUR,105.26,1,Germany,Completed
MKT-100731,CUST-1291,2026-05-13,2026-05-19,Sports,GBP,68.62,1,United Kingdom,Returned
MKT-100732,CUST-1148,2026-03-11,2026-03-18,Premium,EUR,84.28,1,France,Completed
MKT-100733,CUST-1293,2026-04-28,2026-04-30,Sports,EUR,155.95,1,Germany,Returned
MKT-100734,CUST-1050,2026-03-09,2026-03-16,Apparel,EUR,47.95,1,France,Completed
MKT-100735,CUST-1381,2026-01-19,2026-01-25,Shoes,EUR,138.27,1,Netherlands,Completed
MKT-100736,CUST-1303,2026-01-20,2026-01-22,Apparel,GBP,155.62,1,United Kingdom,Completed
MKT-100737,CUST-1281,2026-04-23,2026-04-28,Shoes,EUR,49.91,1,France,Completed
MKT-100738,CUST-1286,2026-05-20,2026-05-25,Shoes,EUR,101.26,2,Netherlands,Completed
MKT-100739,CUST-1290,2026-02-16,2026-02-18,Accessories,EUR,46.39,1,Austria,Completed
MKT-100740,CUST-1380,2026-01-01,2026-01-08,Premium,EUR,90.49,1,Netherlands,Completed
MKT-100741,CUST-1217,2026-03-31,2026-04-02,Premium,AMD,71500.0,1,Armenia,Completed
MKT-100742,CUST-1209,2026-03-05,2026-03-07,Sports,GBP,157.23,1,United Kingdom,Completed
MKT-100743,CUST-1139,2026-02-07,2026-02-11,Apparel,EUR,67.16,1,Netherlands,Completed
MKT-100744,CUST-1181,2026-02-06,2026-02-08,Sports,EUR,66.34,1,Austria,Completed
MKT-100745,CUST-1075,2026-05-06,2026-05-10,Apparel,EUR,122.36,1,France,Completed
MKT-100746,CUST-1257,2026-05-19,2026-05-25,Sports,EUR,136.51,1,Austria,Returned
MKT-100747,CUST-1031,2026-04-10,2026-04-15,Sports,EUR,162.62,1,Netherlands,Returned
MKT-100748,CUST-1365,2026-03-18,2026-03-23,Apparel,EUR,83.45,2,Austria,Completed
MKT-100749,CUST-1239,2026-01-03,2026-01-08,Premium,AMD,34600.0,2,Armenia,Completed
MKT-100750,CUST-1420,2026-05-14,2026-05-18,Sports,GBP,122.49,1,United Kingdom,Completed
MKT-100751,CUST-1460,2026-01-10,2026-01-12,Accessories,AMD,70100.0,1,Armenia,Completed
MKT-100752,CUST-1299,2026-01-05,2026-01-10,Premium,EUR,90.86,1,Austria,Returned
MKT-100753,CUST-1324,2026-05-18,2026-05-20,Premium,GBP,105.8,1,United Kingdom,Completed
MKT-100754,CUST-1332,2026-05-10,2026-05-16,Apparel,EUR,189.66,1,France,Returned
MKT-100755,CUST-1180,2026-01-13,2026-01-17,Shoes,EUR,108.58,1,France,Returned
MKT-100756,CUST-1376,2026-05-10,2026-05-16,Sports,AMD,28300.0,1,Armenia,Completed
MKT-100757,CUST-1350,2026-03-25,2026-03-28,Apparel,GBP,173.18,1,United Kingdom,Completed
MKT-100758,CUST-1450,2026-03-06,2026-03-11,Shoes,EUR,168.29,2,France,Completed
MKT-100759,CUST-1225,2026-03-04,2026-03-08,Shoes,EUR,75.0,1,Netherlands,Completed
MKT-100760,CUST-1169,2026-04-11,2026-04-17,Premium,EUR,158.78,1,France,Completed
MKT-100761,CUST-1250,2026-03-14,2026-03-16,Accessories,EUR,58.92,2,France,Completed
MKT-100762,CUST-1293,2026-01-17,2026-01-24,Premium,EUR,135.65,2,France,Completed
MKT-100763,CUST-1246,2026-01-09,2026-01-12,Accessories,EUR,150.68,1,Germany,Completed
MKT-100764,CUST-1184,2026-02-07,2026-02-09,Sports,GBP,83.96,2,United Kingdom,Returned
MKT-100765,CUST-1194,2026-04-04,2026-04-11,Shoes,GBP,101.32,1,United Kingdom,Completed
MKT-100766,CUST-1468,2026-04-05,2026-04-10,Premium,EUR,57.78,2,Germany,Returned
MKT-100767,CUST-1150,2026-02-18,2026-02-25,Premium,EUR,49.95,1,Austria,Completed
MKT-100768,CUST-1402,2026-03-10,2026-03-12,Sports,EUR,174.31,1,France,Completed
MKT-100769,CUST-1364,2026-03-03,2026-03-08,Premium,GBP,147.01,1,United Kingdom,Completed
MKT-100770,CUST-1324,2026-03-19,2026-03-24,Apparel,AMD,76100.0,1,Armenia,Completed
MKT-100771,CUST-1357,2026-04-27,2026-05-03,Accessories,EUR,113.66,3,France,Completed
MKT-100772,CUST-1077,2026-04-30,2026-05-02,Sports,GBP,174.21,2,United Kingdom,Completed
MKT-100773,CUST-1061,2026-05-17,2026-05-19,Premium,EUR,43.11,1,Austria,Completed
MKT-100774,CUST-1140,2026-03-17,2026-03-21,Shoes,GBP,114.29,1,United Kingdom,Completed
MKT-100775,CUST-1094,2026-02-04,2026-02-09,Shoes,EUR,80.14,2,France,Returned
MKT-100776,CUST-1311,2026-01-01,2026-01-07,Premium,GBP,169.04,1,United Kingdom,Completed
MKT-100777,CUST-1017,2026-02-09,2026-02-14,Shoes,EUR,62.85,1,Austria,Completed
MKT-100778,CUST-1276,2026-03-05,2026-03-07,Accessories,EUR,48.79,1,Austria,Completed
MKT-100779,CUST-1467,2026-03-01,2026-03-07,Premium,EUR,50.22,1,Netherlands,Completed
MKT-100780,CUST-1496,2026-03-05,2026-03-12,Shoes,AMD,31800.0,1,Armenia,Returned
MKT-100781,CUST-1041,2026-04-03,2026-04-07,Accessories,EUR,65.83,1,Netherlands,Returned
MKT-100782,CUST-1016,2026-03-13,2026-03-16,Sports,EUR,150.87,3,Netherlands,Completed
MKT-100783,CUST-1423,2026-01-11,2026-01-15,Sports,EUR,181.22,1,Germany,Completed
MKT-100784,CUST-1284,2026-04-15,2026-04-22,Shoes,GBP,156.75,1,United Kingdom,Completed
MKT-100785,CUST-1210,2026-01-14,2026-01-20,Premium,EUR,54.49,1,France,Completed
MKT-100786,CUST-1128,2026-03-01,2026-03-05,Premium,AMD,15900.0,1,Armenia,Returned
MKT-100787,CUST-1282,2026-01-30,2026-02-04,Accessories,EUR,122.22,1,Austria,Completed
MKT-100788,CUST-1009,2026-02-04,2026-02-10,Accessories,EUR,160.1,1,Germany,Returned
MKT-100789,CUST-1429,2026-01-05,2026-01-10,Accessories,EUR,111.28,2,Netherlands,Completed
MKT-100790,CUST-1071,2026-03-24,2026-03-26,Apparel,EUR,79.06,1,Austria,Returned
MKT-100791,CUST-1200,2026-05-03,2026-05-10,Accessories,AMD,40600.0,3,Armenia,Completed
MKT-100792,CUST-1467,2026-03-19,2026-03-24,Shoes,EUR,183.29,2,Netherlands,Completed
MKT-100793,CUST-1303,2026-03-03,2026-03-10,Premium,EUR,82.68,1,Netherlands,Completed
MKT-100794,CUST-1350,2026-05-12,2026-05-14,Premium,EUR,159.57,3,Germany,Completed
MKT-100795,CUST-1358,2026-03-30,2026-04-02,Apparel,EUR,162.22,2,Netherlands,Returned
MKT-100796,CUST-1326,2026-02-11,2026-02-16,Shoes,EUR,165.81,2,France,Completed
MKT-100797,CUST-1044,2026-03-30,2026-04-02,Apparel,EUR,118.73,1,Netherlands,Completed
MKT-100798,CUST-1497,2026-02-09,2026-02-16,Accessories,EUR,175.01,3,Netherlands,Completed
MKT-100799,CUST-1092,2026-03-13,2026-03-17,Shoes,AMD,19500.0,1,Armenia,Returned
MKT-100800,CUST-1016,2026-02-08,2026-02-13,Premium,EUR,86.36,1,France,Completed
MKT-100801,CUST-1210,2026-04-14,2026-04-17,Sports,EUR,74.79,1,Germany,Completed
MKT-100802,CUST-1356,2026-01-14,2026-01-18,Accessories,AMD,67000.0,1,Armenia,Returned
MKT-100803,CUST-1140,2026-02-01,2026-02-07,Accessories,GBP,141.99,1,United Kingdom,Completed
MKT-100804,CUST-1257,2026-05-05,2026-05-07,Shoes,AMD,56300.0,2,Armenia,Completed
MKT-100805,CUST-1021,2026-04-07,2026-04-12,Accessories,AMD,71300.0,2,Armenia,Completed
MKT-100806,CUST-1083,2026-01-23,2026-01-26,Sports,GBP,139.05,1,United Kingdom,Completed
MKT-100807,CUST-1352,2026-03-04,2026-03-09,Shoes,EUR,186.42,2,Austria,Returned
MKT-100808,CUST-1004,2026-02-22,2026-02-28,Apparel,AMD,45800.0,1,Armenia,Completed
MKT-100809,CUST-1066,2026-04-14,2026-04-17,Accessories,EUR,154.31,1,France,Returned
MKT-100810,CUST-1019,2026-04-14,2026-04-21,Shoes,EUR,59.94,1,Germany,Completed
MKT-100811,CUST-1325,2026-02-08,2026-02-13,Sports,EUR,112.81,1,Germany,Completed
MKT-100812,CUST-1339,2026-05-14,2026-05-21,Shoes,EUR,183.96,1,France,Completed
MKT-100813,CUST-1277,2026-03-08,2026-03-14,Apparel,EUR,143.43,1,Germany,Completed
MKT-100814,CUST-1477,2026-05-15,2026-05-22,Accessories,EUR,53.03,1,Netherlands,Completed
MKT-100815,CUST-1081,2026-02-11,2026-02-14,Shoes,AMD,60000.0,1,Armenia,Completed
MKT-100816,CUST-1396,2026-01-15,2026-01-18,Shoes,GBP,108.63,1,United Kingdom,Completed
MKT-100817,CUST-1147,2026-04-21,2026-04-26,Sports,EUR,60.65,1,Austria,Returned
MKT-100818,CUST-1425,2026-02-02,2026-02-06,Sports,EUR,81.2,1,France,Completed
MKT-100819,CUST-1223,2026-02-07,2026-02-12,Apparel,EUR,195.12,1,France,Completed
MKT-100820,CUST-1178,2026-04-07,2026-04-13,Premium,EUR,142.26,1,Netherlands,Completed
MKT-100821,CUST-1357,2026-02-02,2026-02-08,Apparel,GBP,128.13,1,United Kingdom,Returned
MKT-100822,CUST-1163,2026-03-27,2026-04-03,Accessories,EUR,43.46,1,Netherlands,Completed
MKT-100823,CUST-1102,2026-03-07,2026-03-11,Shoes,AMD,57300.0,3,Armenia,Returned
MKT-100824,CUST-1125,2026-01-10,2026-01-14,Premium,AMD,21300.0,1,Armenia,Completed
MKT-100825,CUST-1229,2026-01-05,2026-01-07,Sports,EUR,114.18,3,France,Returned
MKT-100826,CUST-1494,2026-05-03,2026-05-08,Shoes,EUR,189.04,3,Netherlands,Completed
MKT-100827,CUST-1345,2026-03-15,2026-03-18,Premium,EUR,159.93,1,Austria,Returned
MKT-100828,CUST-1258,2026-04-07,2026-04-11,Premium,EUR,41.91,2,Germany,Completed
MKT-100829,CUST-1154,2026-04-28,2026-05-02,Apparel,EUR,179.1,1,Austria,Returned
MKT-100830,CUST-1263,2026-02-07,2026-02-14,Shoes,EUR,180.34,1,Germany,Completed
MKT-100831,CUST-1340,2026-02-16,2026-02-22,Premium,AMD,56000.0,1,Armenia,Completed
MKT-100832,CUST-1264,2026-04-19,2026-04-22,Apparel,EUR,124.33,2,Germany,Completed
MKT-100833,CUST-1036,2026-01-15,2026-01-20,Shoes,GBP,58.42,2,United Kingdom,Returned
MKT-100834,CUST-1372,2026-05-16,2026-05-21,Shoes,EUR,72.46,1,Netherlands,Completed
MKT-100835,CUST-1434,2026-01-05,2026-01-09,Shoes,EUR,44.26,1,Austria,Completed
MKT-100836,CUST-1041,2026-02-16,2026-02-22,Premium,EUR,182.9,1,Austria,Completed
MKT-100837,CUST-1410,2026-03-09,2026-03-12,Shoes,EUR,161.48,1,Germany,Returned
MKT-100838,CUST-1005,2026-03-17,2026-03-19,Sports,EUR,92.57,1,Netherlands,Completed
MKT-100839,CUST-1001,2026-05-10,2026-05-13,Premium,EUR,145.66,1,France,Returned
MKT-100840,CUST-1250,2026-04-05,2026-04-10,Shoes,EUR,43.07,1,Germany,Completed
MKT-100841,CUST-1330,2026-04-25,2026-04-27,Premium,AMD,61300.0,1,Armenia,Returned
MKT-100842,CUST-1483,2026-02-05,2026-02-08,Accessories,AMD,78400.0,1,Armenia,Completed
MKT-100843,CUST-1334,2026-01-26,2026-01-28,Apparel,EUR,134.99,1,France,Completed
MKT-100844,CUST-1465,2026-02-12,2026-02-16,Apparel,EUR,197.45,1,Austria,Completed
MKT-100845,CUST-1048,2026-01-27,2026-01-31,Apparel,AMD,31800.0,1,Armenia,Completed
MKT-100846,CUST-1415,2026-03-10,2026-03-13,Premium,EUR,138.19,1,Germany,Returned
MKT-100847,CUST-1055,2026-01-11,2026-01-16,Accessories,EUR,88.25,1,Austria,Returned
MKT-100848,CUST-1082,2026-03-15,2026-03-17,Shoes,EUR,122.37,1,Germany,Completed
MKT-100849,CUST-1180,2026-04-14,2026-04-18,Premium,EUR,71.55,1,Austria,Completed
MKT-100850,CUST-1168,2026-02-07,2026-02-13,Apparel,EUR,96.65,1,France,Returned
MKT-100851,CUST-1084,2026-05-14,2026-05-19,Shoes,EUR,46.24,2,Austria,Returned
MKT-100852,CUST-1001,2026-01-23,2026-01-25,Premium,EUR,94.68,1,Netherlands,Completed
MKT-100853,CUST-1441,2026-02-16,2026-02-18,Accessories,AMD,29700.0,2,Armenia,Completed
MKT-100854,CUST-1143,2026-03-31,2026-04-04,Premium,AMD,74200.0,1,Armenia,Completed
MKT-100855,CUST-1105,2026-02-15,2026-02-20,Apparel,AMD,52300.0,3,Armenia,Completed
MKT-100856,CUST-1483,2026-04-17,2026-04-20,Premium,EUR,139.86,2,Germany,Returned
MKT-100857,CUST-1408,2026-05-20,2026-05-26,Apparel,EUR,66.01,1,Austria,Completed
MKT-100858,CUST-1171,2026-04-14,2026-04-17,Accessories,EUR,63.38,1,France,Completed
MKT-100859,CUST-1428,2026-04-21,2026-04-28,Apparel,EUR,57.19,3,France,Completed
MKT-100860,CUST-1460,2026-04-14,2026-04-17,Premium,EUR,168.88,1,Germany,Completed
MKT-100861,CUST-1097,2026-03-01,2026-03-06,Premium,EUR,53.43,1,Austria,Returned
MKT-100862,CUST-1288,2026-04-10,2026-04-16,Accessories,EUR,49.88,1,Germany,Returned
MKT-100863,CUST-1285,2026-03-09,2026-03-13,Shoes,EUR,100.53,1,France,Completed
MKT-100864,CUST-1140,2026-05-13,2026-05-20,Premium,GBP,92.42,1,United Kingdom,Returned
MKT-100865,CUST-1171,2026-04-30,2026-05-03,Premium,EUR,62.98,2,Austria,Completed
MKT-100866,CUST-1105,2026-02-06,2026-02-12,Premium,EUR,117.3,1,Netherlands,Completed
MKT-100867,CUST-1070,2026-03-13,2026-03-15,Accessories,EUR,141.97,3,France,Returned
MKT-100868,CUST-1187,2026-05-07,2026-05-14,Apparel,EUR,95.16,2,Austria,Completed
MKT-100869,CUST-1353,2026-04-16,2026-04-21,Apparel,EUR,79.81,1,France,Returned
MKT-100870,CUST-1180,2026-04-02,2026-04-07,Accessories,EUR,143.0,1,Netherlands,Completed
MKT-100871,CUST-1097,2026-01-31,2026-02-06,Shoes,GBP,123.3,3,United Kingdom,Completed
MKT-100872,CUST-1206,2026-05-02,2026-05-04,Accessories,AMD,41400.0,1,Armenia,Completed
MKT-100873,CUST-1383,2026-05-17,2026-05-20,Apparel,AMD,44600.0,1,Armenia,Completed
MKT-100874,CUST-1466,2026-02-20,2026-02-22,Shoes,EUR,110.83,1,Germany,Completed
MKT-100875,CUST-1105,2026-01-29,2026-02-01,Premium,GBP,82.76,1,United Kingdom,Returned
MKT-100876,CUST-1411,2026-02-09,2026-02-15,Shoes,EUR,158.23,1,Netherlands,Completed
MKT-100877,CUST-1281,2026-02-10,2026-02-13,Sports,EUR,48.92,3,France,Completed
MKT-100878,CUST-1368,2026-01-11,2026-01-13,Apparel,EUR,130.54,1,Germany,Completed
MKT-100879,CUST-1329,2026-01-01,2026-01-05,Shoes,EUR,118.78,1,Germany,Returned
MKT-100880,CUST-1261,2026-02-15,2026-02-22,Apparel,EUR,93.67,1,Netherlands,Completed
MKT-100881,CUST-1454,2026-04-11,2026-04-18,Apparel,AMD,23400.0,3,Armenia,Completed
MKT-100882,CUST-1008,2026-03-31,2026-04-03,Premium,EUR,88.38,1,Austria,Completed
MKT-100883,CUST-1229,2026-04-20,2026-04-24,Accessories,EUR,107.03,1,France,Returned
MKT-100884,CUST-1209,2026-02-26,2026-03-05,Shoes,EUR,154.38,1,Germany,Returned
MKT-100885,CUST-1452,2026-01-01,2026-01-05,Shoes,EUR,154.81,1,Germany,Completed
MKT-100886,CUST-1129,2026-03-04,2026-03-07,Sports,GBP,41.79,1,United Kingdom,Completed
MKT-100887,CUST-1313,2026-02-24,2026-02-28,Sports,EUR,157.22,1,Netherlands,Returned
MKT-100888,CUST-1207,2026-04-25,2026-04-30,Apparel,EUR,188.01,1,France,Completed
MKT-100889,CUST-1321,2026-02-22,2026-02-26,Accessories,EUR,83.02,1,France,Returned
MKT-100890,CUST-1303,2026-05-17,2026-05-20,Shoes,EUR,158.72,1,Netherlands,Returned
MKT-100891,CUST-1148,2026-02-26,2026-03-01,Shoes,EUR,139.8,1,Germany,Completed
MKT-100892,CUST-1043,2026-04-27,2026-05-01,Premium,EUR,123.24,1,Netherlands,Returned
MKT-100893,CUST-1075,2026-02-04,2026-02-08,Premium,EUR,189.84,1,France,Returned
MKT-100894,CUST-1266,2026-03-04,2026-03-11,Sports,EUR,86.26,1,Austria,Completed
MKT-100895,CUST-1114,2026-01-25,2026-01-27,Premium,EUR,103.95,1,Netherlands,Completed
MKT-100896,CUST-1026,2026-03-31,2026-04-02,Accessories,EUR,152.22,1,France,Completed
MKT-100897,CUST-1340,2026-03-16,2026-03-19,Sports,EUR,192.53,2,Austria,Completed
MKT-100898,CUST-1120,2026-02-07,2026-02-12,Apparel,EUR,60.09,1,France,Returned
MKT-100899,CUST-1012,2026-05-10,2026-05-12,Accessories,EUR,67.58,1,Germany,Completed
MKT-100900,CUST-1260,2026-05-15,2026-05-19,Apparel,AMD,48700.0,1,Armenia,Completed
MKT-100901,CUST-1467,2026-04-01,2026-04-08,Sports,AMD,55400.0,1,Armenia,Completed
MKT-100902,CUST-1497,2026-01-17,2026-01-20,Premium,GBP,111.94,1,United Kingdom,Returned
MKT-100903,CUST-1253,2026-05-08,2026-05-10,Premium,EUR,186.81,1,Netherlands,Returned
MKT-100904,CUST-1479,2026-04-18,2026-04-21,Apparel,EUR,193.73,1,Austria,Returned
MKT-100905,CUST-1329,2026-01-25,2026-01-31,Apparel,EUR,91.21,1,Netherlands,Completed
MKT-100906,CUST-1015,2026-03-29,2026-04-01,Accessories,EUR,60.34,1,Austria,Returned
MKT-100907,CUST-1288,2026-01-29,2026-02-04,Shoes,EUR,133.01,1,Netherlands,Returned
MKT-100908,CUST-1092,2026-03-04,2026-03-08,Premium,EUR,97.4,1,Germany,Completed
MKT-100909,CUST-1237,2026-04-24,2026-04-30,Shoes,EUR,118.45,2,France,Returned
MKT-100910,CUST-1018,2026-02-18,2026-02-20,Accessories,EUR,156.17,3,Austria,Completed
MKT-100911,CUST-1329,2026-03-22,2026-03-25,Apparel,GBP,113.62,2,United Kingdom,Completed
MKT-100912,CUST-1382,2026-03-25,2026-03-28,Shoes,EUR,113.71,1,Austria,Completed
MKT-100913,CUST-1240,2026-04-15,2026-04-18,Sports,EUR,97.05,3,Netherlands,Completed
MKT-100914,CUST-1282,2026-04-28,2026-04-30,Premium,EUR,119.6,2,Germany,Completed
MKT-100915,CUST-1467,2026-03-27,2026-04-02,Shoes,EUR,78.01,2,Austria,Completed
MKT-100916,CUST-1236,2026-03-04,2026-03-10,Apparel,EUR,133.35,2,France,Returned
MKT-100917,CUST-1314,2026-04-14,2026-04-21,Sports,EUR,108.62,1,France,Returned
MKT-100918,CUST-1108,2026-02-18,2026-02-23,Accessories,EUR,71.36,1,France,Completed
MKT-100919,CUST-1281,2026-03-12,2026-03-15,Shoes,EUR,83.16,1,Netherlands,Returned
MKT-100920,CUST-1466,2026-01-01,2026-01-06,Sports,EUR,147.53,1,Netherlands,Returned
MKT-100921,CUST-1099,2026-05-03,2026-05-07,Accessories,EUR,165.88,1,Germany,Completed
MKT-100922,CUST-1113,2026-03-03,2026-03-09,Accessories,EUR,161.01,1,Austria,Completed
MKT-100923,CUST-1165,2026-02-01,2026-02-06,Accessories,GBP,134.91,2,United Kingdom,Completed
MKT-100924,CUST-1138,2026-01-29,2026-02-01,Sports,AMD,63100.0,2,Armenia,Completed
MKT-100925,CUST-1392,2026-02-18,2026-02-25,Accessories,EUR,104.58,1,Netherlands,Completed
MKT-100926,CUST-1439,2026-01-30,2026-02-03,Premium,EUR,155.97,1,Austria,Returned
MKT-100927,CUST-1047,2026-01-19,2026-01-22,Sports,AMD,79700.0,1,Armenia,Completed
MKT-100928,CUST-1475,2026-01-18,2026-01-21,Shoes,EUR,182.2,1,Austria,Completed
MKT-100929,CUST-1455,2026-01-01,2026-01-07,Accessories,EUR,88.42,1,France,Completed
MKT-100930,CUST-1066,2026-03-19,2026-03-22,Premium,EUR,124.32,1,Netherlands,Completed
MKT-100931,CUST-1134,2026-04-25,2026-04-28,Premium,EUR,73.62,1,Austria,Completed
MKT-100932,CUST-1261,2026-04-23,2026-04-30,Accessories,EUR,87.55,1,Netherlands,Completed
MKT-100933,CUST-1462,2026-04-24,2026-05-01,Accessories,EUR,199.98,1,France,Returned
MKT-100934,CUST-1362,2026-03-04,2026-03-07,Premium,GBP,44.04,1,United Kingdom,Completed
MKT-100935,CUST-1233,2026-05-12,2026-05-18,Accessories,EUR,123.47,2,France,Completed
MKT-100936,CUST-1219,2026-05-09,2026-05-13,Apparel,EUR,90.49,2,France,Returned
MKT-100937,CUST-1480,2026-01-08,2026-01-13,Shoes,AMD,75600.0,1,Armenia,Returned
MKT-100938,CUST-1006,2026-02-24,2026-02-27,Premium,EUR,164.89,2,Germany,Completed
MKT-100939,CUST-1131,2026-04-13,2026-04-20,Apparel,EUR,59.42,2,Austria,Completed
MKT-100940,CUST-1363,2026-05-11,2026-05-18,Apparel,GBP,30.59,3,United Kingdom,Completed
MKT-100941,CUST-1470,2026-02-01,2026-02-06,Sports,AMD,42300.0,1,Armenia,Completed
MKT-100942,CUST-1114,2026-01-10,2026-01-14,Apparel,EUR,120.05,1,France,Completed
MKT-100943,CUST-1280,2026-04-20,2026-04-22,Accessories,GBP,43.71,2,United Kingdom,Completed
MKT-100944,CUST-1498,2026-05-04,2026-05-08,Accessories,EUR,104.05,1,France,Completed
MKT-100945,CUST-1338,2026-03-28,2026-04-04,Accessories,EUR,181.25,1,Germany,Returned
MKT-100946,CUST-1106,2026-02-24,2026-02-27,Accessories,GBP,177.21,1,United Kingdom,Completed
MKT-100947,CUST-1257,2026-02-01,2026-02-08,Sports,EUR,188.54,1,France,Completed
MKT-100948,CUST-1110,2026-05-15,2026-05-21,Premium,EUR,98.33,1,Netherlands,Completed
MKT-100949,CUST-1288,2026-04-03,2026-04-07,Sports,EUR,154.18,1,Germany,Returned
MKT-100950,CUST-1086,2026-01-08,2026-01-11,Accessories,EUR,88.47,3,France,Completed
MKT-100951,CUST-1322,2026-03-06,2026-03-13,Premium,GBP,134.75,1,United Kingdom,Returned
MKT-100952,CUST-1175,2026-02-26,2026-03-01,Accessories,EUR,42.83,1,Netherlands,Returned
MKT-100953,CUST-1295,2026-03-08,2026-03-15,Apparel,EUR,100.19,1,Austria,Completed
MKT-100954,CUST-1307,2026-03-13,2026-03-15,Sports,EUR,123.88,1,Germany,Returned
MKT-100955,CUST-1340,2026-02-23,2026-03-01,Sports,EUR,132.35,1,Austria,Returned
MKT-100956,CUST-1312,2026-03-08,2026-03-10,Apparel,EUR,127.32,1,Austria,Completed
MKT-100957,CUST-1176,2026-02-20,2026-02-24,Shoes,GBP,160.72,3,United Kingdom,Completed
MKT-100958,CUST-1486,2026-04-07,2026-04-12,Shoes,EUR,78.9,1,Austria,Completed
MKT-100959,CUST-1332,2026-04-02,2026-04-09,Premium,GBP,67.12,1,United Kingdom,Completed
MKT-100960,CUST-1021,2026-01-08,2026-01-13,Sports,GBP,40.96,3,United Kingdom,Returned
MKT-100961,CUST-1006,2026-02-04,2026-02-10,Accessories,AMD,26400.0,1,Armenia,Completed
MKT-100962,CUST-1492,2026-04-06,2026-04-09,Sports,EUR,113.31,1,Germany,Returned
MKT-100963,CUST-1414,2026-03-29,2026-04-03,Sports,EUR,126.66,1,Germany,Completed
MKT-100964,CUST-1356,2026-03-19,2026-03-21,Shoes,GBP,167.39,1,United Kingdom,Returned
MKT-100965,CUST-1084,2026-02-01,2026-02-08,Sports,AMD,49200.0,2,Armenia,Completed
MKT-100966,CUST-1155,2026-04-30,2026-05-04,Accessories,EUR,136.09,1,Netherlands,Returned
MKT-100967,CUST-1166,2026-02-15,2026-02-22,Sports,AMD,79500.0,2,Armenia,Completed
MKT-100968,CUST-1493,2026-02-24,2026-02-26,Shoes,GBP,142.52,3,United Kingdom,Completed
MKT-100969,CUST-1406,2026-01-07,2026-01-14,Premium,AMD,36400.0,2,Armenia,Completed
MKT-100970,CUST-1019,2026-03-15,2026-03-19,Shoes,EUR,72.56,1,Netherlands,Returned
MKT-100971,CUST-1104,2026-01-07,2026-01-14,Premium,EUR,121.93,1,Netherlands,Completed
MKT-100972,CUST-1422,2026-03-26,2026-03-31,Apparel,EUR,60.1,2,Germany,Completed
MKT-100973,CUST-1426,2026-04-22,2026-04-25,Premium,EUR,198.14,1,Netherlands,Returned
MKT-100974,CUST-1209,2026-05-05,2026-05-12,Shoes,EUR,65.1,1,Germany,Completed
MKT-100975,CUST-1120,2026-02-05,2026-02-12,Premium,AMD,31400.0,1,Armenia,Completed
MKT-100976,CUST-1313,2026-01-29,2026-02-03,Accessories,EUR,100.59,2,Austria,Completed
MKT-100977,CUST-1333,2026-03-23,2026-03-30,Sports,AMD,57700.0,1,Armenia,Returned
MKT-100978,CUST-1033,2026-01-02,2026-01-04,Apparel,AMD,50900.0,3,Armenia,Returned
MKT-100979,CUST-1117,2026-05-09,2026-05-16,Shoes,EUR,136.1,2,Netherlands,Completed
MKT-100980,CUST-1127,2026-02-16,2026-02-21,Premium,EUR,197.1,2,France,Completed
MKT-100981,CUST-1044,2026-01-11,2026-01-15,Premium,GBP,135.35,1,United Kingdom,Returned
MKT-100982,CUST-1159,2026-05-10,2026-05-12,Apparel,GBP,138.95,1,United Kingdom,Completed
MKT-100983,CUST-1483,2026-04-29,2026-05-01,Sports,EUR,143.99,1,Netherlands,Returned
MKT-100984,CUST-1322,2026-05-20,2026-05-25,Apparel,EUR,156.41,1,Austria,Completed
MKT-100985,CUST-1170,2026-01-20,2026-01-27,Shoes,EUR,118.78,1,France,Completed
MKT-100986,CUST-1276,2026-01-05,2026-01-12,Sports,EUR,102.19,2,Germany,Completed
MKT-100987,CUST-1326,2026-02-06,2026-02-09,Shoes,EUR,194.07,3,Germany,Completed
MKT-100988,CUST-1451,2026-05-17,2026-05-19,Premium,GBP,128.76,1,United Kingdom,Returned
MKT-100989,CUST-1343,2026-02-22,2026-02-26,Shoes,EUR,187.71,2,France,Completed
MKT-100990,CUST-1385,2026-04-09,2026-04-15,Shoes,EUR,175.25,1,Netherlands,Returned
MKT-100991,CUST-1015,2026-03-27,2026-03-31,Sports,EUR,166.81,3,Austria,Completed
MKT-100992,CUST-1391,2026-04-18,2026-04-23,Sports,AMD,20200.0,2,Armenia,Returned
MKT-100993,CUST-1070,2026-01-24,2026-01-28,Shoes,EUR,41.46,1,Netherlands,Completed
MKT-100994,CUST-1274,2026-03-22,2026-03-28,Premium,AMD,44900.0,1,Armenia,Returned
MKT-100995,CUST-1454,2026-04-30,2026-05-06,Shoes,EUR,82.98,1,Austria,Returned
MKT-100996,CUST-1091,2026-02-28,2026-03-04,Accessories,EUR,63.11,1,Netherlands,Completed
MKT-100997,CUST-1465,2026-05-08,2026-05-13,Shoes,EUR,41.36,2,Germany,Completed
MKT-100998,CUST-1409,2026-04-24,2026-05-01,Sports,EUR,85.32,1,Austria,Completed
MKT-100999,CUST-1163,2026-04-25,2026-04-28,Premium,EUR,64.77,1,Netherlands,Completed
